	0	1	2	3	4	5	6	7	8	9	10	11	12	13	14	15	16	17	18	19	20	21	22	23	24	25	26	27	28	29	30	31	32	33	34	35	36	37	38	39	40	41	42	43	44	45	46	47	48	49	50	51	52	53	54	55	56	57	58	59	60	61	62	63	64	65	66	67	68	69	70	71	72	73	74	75	76	77	78	79	80	81	82	83	84	85	86	87	88	89	90	91	92	93	94	95	96	97	98	99	100	101	102	103	104	105	106	107	108	109	110	111	112	113	114	115	116	117	118	119	120	121	122	123	124	125	126	127	128	129	130	131	132	133	134	135	136	137	138	139	140	141	142	143	144	145	146	147	148	149	150	151	152	153	154	155	156	157	158	159	160	161	162	163	164	165	166	167	168	169	170	171	172	173	174	175	176	177	178	179	180	181	182	183	184	185	186	187	188	189	190	191	192	193	194	195	196	197
0	38	28	235	36	41	39	28	23	28	111	25	56	23	97	125	23	16	100	17	40	21	19	41	23	47	28	38	115	30	27	24	32	107	50	131	35	51	48	29	104	146	46	90	22	287	145	38	46	26	91	33	20	22	12	25	32	100	178	78	100	39	44	32	38	46	38	173	157	59	31	24	92	188	113	103	262	87	94	52	47	85	161	190	85	63	27	155	37	29	171	109	64	65	75	98	87	149	125	188	42	83	134	113	200	39	138	88	41	135	122	200	180	95	179	464	188	121	28	33	64	75	176	210	194	93	128	27	73	77	77	26	23	195	74	127	43	51	138	160	95	46	37	30	70	342	187	74	114	33	216	136	49	70	62	84	155	106	58	178	60	102	88	316	198	58	190	66	220	223	25	56	126	137	138	53	51	122	71	271	66	179	51	67	42	34	64	59	324	49	180	61	45	160	173	82	123	169	389
1	25	26	180	30	19	32	19	15	29	113	13	46	27	79	83	29	15	64	13	15	13	18	25	24	45	16	20	76	31	29	17	22	75	37	119	23	42	23	20	89	119	24	81	11	213	109	29	37	19	42	24	25	19	12	13	18	75	111	55	71	43	33	23	24	25	33	152	100	62	31	19	58	189	67	84	226	54	58	45	25	58	150	188	47	39	29	104	29	17	121	66	48	59	72	79	67	142	82	85	32	87	101	105	185	26	106	48	27	133	123	148	109	58	79	383	153	102	16	16	46	64	166	152	163	68	128	18	54	40	54	25	18	196	76	88	14	51	144	124	52	33	32	20	45	300	136	42	128	27	193	119	33	30	41	70	132	76	55	162	32	123	75	268	128	25	102	42	167	183	35	42	105	146	44	43	29	71	52	243	48	92	29	53	32	25	25	47	232	25	142	52	28	113	179	58	90	175	321
2	4	7	27	3	5	8	2	4	5	15	0	9	2	9	11	3	1	26	3	5	2	1	5	6	5	5	5	16	5	3	2	5	18	4	20	1	30	8	2	11	20	11	11	6	57	24	7	3	3	49	4	4	1	3	4	7	13	20	7	15	6	5	4	3	7	4	22	21	5	5	3	17	25	10	11	37	12	16	8	3	11	21	10	10	7	3	17	1	2	61	11	8	28	10	9	5	20	15	23	4	13	9	10	39	5	19	11	7	13	16	27	12	17	28	49	21	14	9	4	1	9	37	25	31	11	11	0	13	3	10	4	5	17	17	14	3	6	11	17	18	7	10	3	11	37	19	11	34	5	15	20	11	6	5	14	19	11	7	14	9	11	7	35	28	6	14	10	30	16	5	7	18	21	11	10	20	15	7	14	5	49	40	5	7	4	4	12	53	7	13	2	12	26	33	9	32	13	57
3	31	20	174	24	10	32	17	9	27	40	7	23	9	77	61	14	11	57	15	23	11	16	19	16	33	18	29	65	26	12	14	18	92	30	108	20	28	17	6	77	107	24	69	17	204	101	9	32	15	38	36	19	20	12	12	12	57	110	55	72	22	34	18	34	27	30	125	101	58	20	19	79	154	56	54	190	57	50	36	28	45	142	152	57	36	17	103	30	13	114	37	29	32	53	45	65	102	84	96	22	57	81	90	151	17	85	54	20	99	90	130	101	60	80	379	135	55	26	14	40	52	156	150	146	53	85	12	42	49	54	23	14	194	51	95	15	31	108	120	42	32	18	15	34	303	102	35	84	35	165	94	24	31	40	92	96	58	21	150	34	104	61	273	102	41	108	54	176	164	25	29	86	121	55	33	28	60	41	183	46	67	16	42	22	21	38	46	174	16	155	40	32	134	146	48	81	137	263
4	27	35	212	48	35	39	23	11	27	69	21	41	13	87	124	36	17	93	19	28	14	22	54	26	67	33	31	122	21	44	23	24	102	32	143	30	30	36	20	121	153	54	99	8	276	160	24	53	25	61	40	36	32	23	21	16	102	132	79	90	37	42	41	28	27	31	210	186	71	42	31	65	221	97	106	275	93	95	53	37	106	169	197	79	57	28	166	33	20	161	133	62	60	103	135	64	174	112	166	56	85	159	128	210	39	161	96	25	140	148	236	170	119	213	411	146	137	43	24	54	73	232	223	186	93	116	28	98	102	63	26	25	203	98	122	20	53	133	142	101	29	28	24	71	321	204	91	138	31	264	108	56	59	58	127	153	85	45	200	86	134	103	309	219	69	159	51	214	224	34	69	125	148	140	64	31	134	56	286	64	127	60	81	39	31	49	50	324	47	160	66	55	169	161	87	125	153	351
5	25	34	209	22	23	28	9	17	30	95	18	37	15	97	66	23	14	64	14	15	20	18	17	30	42	22	30	93	21	25	16	19	105	20	118	26	20	21	17	86	144	31	97	17	236	140	20	28	15	93	24	16	21	18	12	22	53	126	41	65	37	20	27	26	25	17	178	114	41	25	12	190	182	121	101	216	87	78	44	29	67	147	175	82	53	37	137	26	16	148	58	37	53	82	83	60	178	122	141	31	97	83	109	199	24	131	48	28	156	140	181	121	61	73	443	156	158	32	21	59	95	128	177	187	67	132	15	47	45	48	15	21	159	94	117	25	42	135	112	70	25	31	13	53	345	188	48	112	23	192	148	35	42	53	98	152	103	53	150	34	110	94	262	120	42	161	51	208	200	17	50	156	164	41	33	47	115	66	243	48	94	42	54	28	19	29	60	313	39	153	46	32	194	202	55	119	129	344
6	3	6	27	9	9	13	12	5	8	9	2	8	4	11	27	4	6	16	4	7	5	5	11	6	15	10	16	11	4	6	3	5	15	6	24	8	12	3	7	28	20	13	10	1	33	51	7	11	7	20	12	10	8	4	5	6	30	34	16	25	10	6	4	9	6	4	37	36	21	6	11	26	38	10	21	47	13	24	13	5	25	22	61	10	13	7	56	16	4	37	20	23	10	10	19	28	12	17	37	9	11	31	21	24	10	15	16	12	22	19	29	47	19	31	48	27	16	11	6	16	21	42	68	25	15	33	5	20	19	15	8	2	29	16	27	5	8	22	26	18	14	13	7	18	63	28	23	27	12	40	37	11	8	16	19	26	20	12	24	26	28	14	52	36	8	29	12	24	35	13	24	25	30	37	13	21	17	19	51	6	39	5	16	8	4	17	12	45	10	16	14	11	29	19	15	14	26	56
7	16	18	149	21	16	24	11	16	28	35	15	38	21	65	78	17	20	72	10	20	11	16	31	22	45	27	23	73	26	24	13	15	84	25	98	23	17	27	17	85	114	26	64	8	169	102	24	29	12	46	22	22	11	17	11	7	64	93	54	62	32	27	19	27	18	19	128	114	54	21	18	69	160	78	84	164	59	52	37	28	62	121	160	56	33	18	108	25	11	134	70	53	42	64	67	37	136	95	124	33	58	110	97	142	23	107	57	32	96	88	143	114	74	167	367	130	105	22	10	39	88	140	140	135	68	102	19	53	43	46	24	16	153	67	101	19	31	78	94	64	32	21	27	43	284	124	44	137	28	183	92	23	31	41	71	121	52	17	138	46	95	78	204	132	54	120	34	148	166	17	42	87	133	80	40	25	83	50	194	46	95	43	46	18	16	37	30	203	28	114	31	22	146	109	54	63	114	273
8	23	35	141	48	28	29	23	24	26	57	23	47	11	69	145	15	33	91	27	33	17	28	69	28	85	39	48	60	38	31	11	38	79	49	123	24	18	33	31	119	101	60	54	19	196	108	34	58	14	39	43	33	49	13	16	28	152	95	67	81	52	35	30	34	25	32	152	199	71	30	18	179	147	63	86	187	57	77	58	57	137	131	146	70	42	15	154	44	17	125	174	91	60	80	116	73	98	73	221	52	63	191	90	144	67	131	133	25	85	87	152	161	147	257	239	113	55	52	21	47	55	228	160	95	105	67	33	144	125	102	27	26	148	55	82	14	37	68	118	114	55	29	22	66	219	108	95	98	41	191	82	63	64	57	117	97	57	48	166	112	67	71	264	224	69	65	79	151	134	31	64	84	117	162	58	47	149	87	141	80	78	37	64	29	26	71	53	196	46	87	67	65	112	114	107	85	92	220
9	23	22	127	18	24	22	10	22	20	101	15	26	10	48	82	17	12	58	14	23	8	15	16	10	26	15	19	57	12	21	8	18	71	34	62	14	33	11	14	77	112	26	47	23	130	83	16	33	14	32	15	32	14	11	12	8	40	63	44	50	34	20	17	22	21	22	101	100	26	14	15	49	118	56	58	133	48	52	27	23	33	93	127	45	48	11	79	28	15	98	56	30	32	45	47	39	97	71	81	21	53	70	57	119	19	77	41	17	71	94	95	80	51	75	222	90	72	29	13	28	43	94	134	96	39	74	24	42	43	24	13	10	121	42	74	15	25	82	90	34	28	24	14	43	198	98	38	70	19	117	72	38	38	35	66	83	66	22	92	31	76	43	164	106	34	92	39	117	122	11	29	81	99	49	30	13	42	41	149	29	74	65	41	26	14	32	30	174	19	97	23	22	99	99	43	76	84	202
10	4	8	26	12	8	3	2	4	2	112	4	6	0	9	24	3	6	10	5	5	4	12	15	2	13	5	4	9	6	5	4	5	9	3	21	1	6	2	5	11	21	8	11	6	37	19	13	11	7	39	13	11	10	9	4	6	26	24	11	17	13	10	3	10	5	5	17	15	7	3	7	26	29	11	14	70	13	11	6	4	14	20	20	7	12	2	19	12	0	11	20	9	12	17	25	6	13	16	29	10	6	26	12	15	8	12	16	9	16	10	21	16	17	58	42	17	14	7	3	8	4	34	51	13	9	19	8	11	22	6	6	4	27	21	10	2	12	12	24	7	18	2	6	7	25	20	8	17	6	33	18	11	6	7	24	23	15	12	33	12	18	13	32	21	12	21	12	23	34	3	11	13	18	13	11	23	21	10	26	11	12	32	16	10	3	11	4	31	4	28	5	5	28	17	18	16	20	25
11	23	26	99	45	16	23	14	12	24	72	18	37	11	71	104	24	18	61	12	27	11	23	48	10	55	26	26	68	27	17	10	26	56	33	94	19	27	21	16	95	99	48	65	14	203	90	8	39	15	15	34	18	18	16	15	18	94	81	56	60	48	22	23	46	23	20	124	115	55	26	21	77	139	49	75	159	59	47	50	28	86	98	129	73	41	13	123	30	12	88	106	54	38	54	89	43	111	71	125	33	56	114	94	121	49	126	63	42	80	84	151	114	100	145	288	101	79	27	28	24	56	170	118	104	83	74	25	75	63	67	19	20	131	49	87	13	28	77	101	75	34	27	29	67	207	84	68	79	22	157	78	44	37	45	84	113	75	38	113	75	68	55	232	154	60	72	51	138	194	16	48	54	108	108	51	28	72	40	163	58	81	15	46	29	28	60	44	203	33	83	38	40	120	125	79	79	93	204
12	26	24	175	50	35	78	19	16	35	1810	40	48	75	64	165	22	48	290	22	39	8	16	46	21	55	29	37	103	34	31	24	28	85	58	122	26	542	35	27	103	102	56	126	19	742	150	250	92	20	1078	56	23	36	32	14	19	108	192	69	85	60	106	41	40	28	35	168	194	73	39	38	2418	172	125	98	222	92	196	54	51	110	173	174	110	84	198	233	42	51	195	106	77	73	417	124	62	139	115	192	42	134	148	99	204	46	106	105	32	105	207	200	162	113	705	319	156	201	33	12	47	89	288	216	146	102	127	21	125	93	81	24	16	169	78	109	101	46	92	143	108	66	31	18	135	269	253	85	149	31	157	106	38	69	74	184	154	217	534	163	74	137	89	302	374	75	410	77	218	171	27	72	213	136	141	54	253	146	311	243	67	660	1344	122	59	36	52	35	297	63	151	59	85	227	180	302	301	116	559
13	24	24	176	32	24	57	19	14	29	795	21	46	35	79	97	20	20	165	19	30	16	18	43	22	40	22	35	96	31	29	18	21	79	43	132	19	190	30	19	74	111	39	86	12	380	138	117	67	33	447	27	26	26	24	30	15	88	125	58	64	40	55	31	32	23	28	146	120	35	42	20	1002	138	89	99	182	63	114	37	47	93	150	165	82	51	108	175	33	24	177	81	53	72	192	95	51	134	86	133	37	109	115	111	172	39	120	77	35	111	130	163	114	91	308	314	147	136	30	23	41	74	163	188	127	86	105	23	95	67	50	25	19	142	86	130	54	39	104	116	71	47	18	20	93	272	207	62	120	22	176	147	47	45	65	122	142	128	256	168	49	132	67	219	235	64	256	68	211	176	33	45	162	127	112	51	100	122	154	226	42	295	528	81	37	30	46	57	254	42	166	49	62	183	159	168	159	121	355
14	1	2	11	8	7	11	9	3	9	294	8	10	11	13	32	2	12	55	4	4	3	1	12	4	12	12	8	13	8	3	8	4	23	5	23	3	96	3	5	12	14	10	34	6	113	20	46	20	3	170	9	3	4	5	8	4	20	36	8	13	12	17	12	7	3	16	21	29	21	5	7	386	25	8	19	28	17	27	5	7	35	21	25	8	16	36	49	6	6	27	24	13	7	70	25	13	22	27	31	9	23	25	15	36	9	15	19	5	21	38	37	39	15	123	61	22	44	9	4	24	13	68	43	28	16	18	6	16	18	8	4	4	24	12	29	14	12	12	36	21	11	4	2	26	33	39	17	30	6	39	17	9	11	18	29	23	35	82	33	12	23	20	68	64	7	76	15	28	27	1	13	38	21	38	15	33	24	51	36	11	124	222	25	10	8	17	10	63	7	21	19	7	45	34	60	39	39	89
15	16	48	173	70	35	83	30	34	32	833	35	48	48	79	165	24	34	189	32	46	13	30	87	31	94	42	52	101	42	44	25	49	85	53	165	16	246	41	32	150	150	64	98	24	478	166	136	88	32	510	56	30	33	27	38	35	144	169	78	120	75	80	47	41	46	39	208	242	104	40	31	1158	209	97	124	225	89	137	72	56	146	179	201	97	57	128	256	54	27	176	191	87	91	215	155	69	162	109	277	52	85	207	147	201	66	177	135	49	108	153	217	200	197	514	350	167	139	57	29	73	92	368	265	143	126	97	33	154	129	108	48	20	211	89	147	59	56	83	159	129	62	40	30	121	282	180	129	183	42	242	142	74	69	79	190	156	136	276	215	124	111	104	355	339	91	271	81	203	202	37	82	145	174	226	87	136	161	190	258	105	420	586	111	53	35	106	63	366	58	125	72	74	191	146	238	214	132	477
16	13	13	108	7	19	31	8	17	22	113	17	34	24	49	50	25	9	39	11	19	20	19	8	10	29	15	18	52	23	15	22	14	53	26	99	9	73	16	12	32	88	33	51	13	139	107	25	34	15	133	25	29	12	9	15	13	44	84	36	54	21	26	14	16	15	15	111	75	31	18	19	134	80	63	69	120	60	73	22	13	61	93	117	42	66	31	94	25	20	135	33	35	49	59	78	55	122	85	70	17	80	64	71	107	22	117	19	21	104	106	159	76	40	72	170	97	131	23	20	49	73	115	147	93	55	98	23	24	31	28	20	7	62	67	116	26	31	65	78	44	37	23	15	72	178	183	25	74	13	135	123	34	17	35	56	91	93	73	92	19	76	49	154	109	32	138	41	132	125	13	26	115	112	33	18	31	90	62	163	20	152	107	58	39	28	22	25	213	18	82	25	43	141	146	41	110	97	193
17	11	10	94	7	9	26	9	5	13	54	4	14	3	35	42	10	9	20	7	8	6	10	12	14	25	9	9	45	16	11	11	6	35	20	61	7	26	11	12	21	50	9	48	12	67	62	11	24	8	34	5	14	9	5	5	4	26	56	22	30	17	18	9	10	12	13	64	68	17	18	10	103	62	45	43	71	45	41	15	10	18	62	64	21	42	21	68	15	9	73	23	19	23	42	34	43	71	53	79	15	44	42	47	67	12	56	17	9	60	56	94	42	24	40	128	63	66	8	8	32	44	58	100	59	22	70	11	18	35	16	13	9	39	52	39	9	19	44	48	19	26	10	10	31	90	111	22	56	12	89	68	17	14	32	28	64	55	24	64	21	49	21	90	56	20	88	20	95	75	13	20	76	72	21	16	30	33	38	135	17	116	87	42	19	16	11	25	142	9	65	25	12	77	67	8	66	49	128
18	0	4	12	3	8	6	2	5	3	54	2	7	3	3	4	1	0	9	5	4	1	2	3	3	3	1	4	15	5	1	6	4	5	1	7	1	1	5	10	3	3	3	3	1	19	3	5	4	4	20	4	6	1	3	5	2	9	20	11	8	6	3	4	5	4	1	4	12	6	4	1	188	7	7	3	9	13	9	4	6	12	7	8	5	5	1	21	8	2	3	13	5	5	7	8	10	5	10	11	3	2	17	9	8	2	4	4	7	8	8	20	9	3	16	11	11	8	5	0	5	4	18	13	10	11	3	3	6	6	5	0	0	5	8	17	3	3	8	9	4	6	4	0	6	29	14	10	15	3	8	14	4	8	9	17	7	20	6	8	2	8	2	13	21	13	8	6	10	10	6	3	13	2	7	4	12	8	3	5	7	20	70	8	3	5	2	4	29	2	17	7	15	8	5	17	5	11	36
19	12	31	123	14	16	34	11	17	28	156	8	27	16	47	64	21	13	47	8	8	7	20	12	17	25	16	24	74	25	12	12	8	76	18	92	14	52	30	8	34	70	17	54	14	144	103	29	28	12	76	27	15	14	10	10	4	54	85	35	60	19	32	11	25	20	19	103	92	26	28	13	153	113	57	47	109	78	66	39	14	40	94	109	53	58	37	97	33	18	131	50	29	38	58	57	45	108	85	87	22	75	73	73	102	23	108	19	34	74	95	131	84	38	80	213	97	102	22	19	50	61	122	134	85	47	78	25	44	41	35	14	10	44	55	114	23	34	56	80	39	28	13	14	51	153	155	42	71	18	135	113	25	29	43	63	87	96	57	74	30	83	49	155	106	35	143	36	130	116	20	24	109	115	38	41	32	70	59	166	28	140	95	60	32	21	22	33	252	20	101	26	32	132	125	31	107	84	190
20	16	16	161	12	14	21	8	11	16	159	5	21	16	64	31	20	6	57	7	9	5	8	11	8	20	9	13	67	16	11	10	6	50	22	81	11	53	23	12	22	80	16	55	13	128	90	34	34	7	195	20	18	12	9	11	13	53	68	15	52	22	26	14	19	16	13	95	54	23	18	8	203	113	76	65	112	55	41	22	8	37	82	94	31	41	25	90	18	12	122	29	10	33	72	56	42	113	70	92	15	69	45	51	103	16	77	22	18	108	94	138	52	23	82	185	89	98	17	8	41	67	54	127	84	38	69	18	22	29	18	12	12	64	77	81	28	18	61	69	29	24	20	16	54	166	139	21	67	12	138	97	23	12	34	45	94	85	70	77	24	76	53	133	81	32	125	22	131	106	7	15	121	113	33	18	40	70	69	189	16	94	105	37	26	14	11	21	191	26	89	25	21	113	124	30	88	104	185
21	22	31	71	12	15	17	11	15	17	72	8	20	19	49	31	12	8	28	6	14	11	14	15	10	17	10	11	55	16	8	10	11	46	18	74	11	24	10	18	24	72	20	52	13	84	65	18	25	15	44	18	25	10	8	8	8	37	49	31	42	23	20	9	20	10	16	80	49	24	20	8	155	80	63	54	85	40	37	18	20	30	62	82	34	28	25	74	17	18	67	31	26	23	49	58	38	83	54	73	20	44	69	34	81	12	53	17	14	81	63	106	47	37	48	181	96	75	17	8	29	59	90	104	78	45	63	14	31	29	23	12	6	51	44	54	10	23	54	57	35	24	11	9	34	131	88	27	65	23	111	83	13	21	33	33	79	77	51	76	28	51	39	124	68	32	99	31	110	103	14	27	87	90	28	27	24	70	48	132	29	76	24	43	26	11	20	35	169	21	59	18	25	84	97	22	59	57	170
22	4	3	9	5	4	3	1	3	6	77	3	7	9	6	19	3	4	18	3	7	5	4	6	4	14	4	4	22	3	2	4	7	7	5	14	6	3	4	4	7	12	9	4	3	26	16	8	6	3	43	2	1	6	1	1	3	13	18	16	5	5	3	3	2	5	6	17	21	10	3	2	48	16	7	10	21	14	7	7	2	15	11	19	11	4	5	17	6	7	19	16	4	7	12	15	7	26	7	9	6	9	22	9	17	7	10	10	11	12	25	17	21	6	22	64	24	6	8	3	11	12	14	18	9	7	28	5	10	25	8	5	2	24	10	12	5	10	3	14	16	10	4	0	8	52	32	10	6	4	19	9	5	9	5	18	17	10	10	32	12	19	10	48	33	8	22	13	10	25	5	8	10	12	14	3	15	10	17	26	9	13	23	7	3	4	4	9	31	2	7	4	10	19	16	11	13	4	57
23	9	28	150	11	21	31	14	11	29	198	15	25	21	64	57	19	17	57	13	15	17	16	11	22	28	13	27	80	32	15	11	8	78	16	99	14	69	14	15	27	85	19	60	17	196	120	44	30	18	106	28	16	10	6	14	13	42	101	40	64	30	39	16	32	21	21	134	75	24	24	12	279	132	94	76	131	58	72	33	11	43	110	147	62	39	45	114	24	19	105	35	27	37	99	65	35	117	81	107	19	85	61	66	112	18	108	36	22	115	110	158	78	33	83	223	114	110	27	13	42	61	117	158	90	64	102	17	33	39	25	18	10	92	60	92	20	34	54	70	60	19	25	32	52	225	144	31	77	13	187	99	26	29	32	44	109	118	83	98	23	92	58	195	117	28	166	18	166	177	18	30	124	104	32	22	49	122	62	213	22	168	126	62	38	19	29	37	225	19	128	24	35	181	137	41	73	92	195
24	11	12	78	7	12	37	5	8	5	51	6	13	10	36	19	7	7	21	4	10	6	8	7	3	17	6	8	41	19	7	12	5	36	10	74	3	39	9	9	14	40	16	34	6	143	71	22	14	8	60	13	12	7	5	4	6	38	39	16	29	6	9	7	20	9	10	72	54	14	11	5	94	80	34	46	79	25	32	12	11	24	52	71	25	29	19	58	10	9	45	26	17	26	46	47	25	59	47	57	18	37	27	33	72	4	68	16	16	76	43	75	49	14	35	139	65	69	2	10	28	34	60	79	50	18	58	10	16	28	10	8	10	45	51	58	11	19	49	47	17	20	11	12	34	111	84	24	42	13	72	64	8	15	27	33	77	47	35	46	18	60	41	113	50	21	77	16	81	82	5	17	68	82	21	8	30	55	28	87	13	58	58	25	18	12	8	23	120	12	55	13	19	79	70	16	35	39	112
25	10	8	72	1	11	11	4	17	9	50	10	16	9	23	15	10	4	20	2	8	9	8	5	6	10	9	8	26	10	11	7	8	39	24	37	10	15	7	9	7	44	11	28	7	78	51	11	14	5	38	10	8	4	6	7	6	17	36	16	23	13	15	8	12	12	6	46	24	16	21	3	88	43	44	30	52	22	37	12	6	31	40	42	17	25	22	50	14	9	55	20	10	29	29	25	27	56	36	38	14	34	33	26	39	3	43	19	9	31	52	61	41	27	37	98	52	50	13	10	14	36	70	67	35	23	49	13	7	13	10	9	7	32	25	50	7	12	45	26	19	33	12	12	14	77	91	20	38	9	59	65	15	8	16	26	42	38	18	68	15	58	23	80	38	15	67	30	61	61	7	13	43	39	14	15	23	35	24	91	11	45	19	34	20	5	14	24	106	12	39	13	15	56	72	12	65	46	101
26	0	8	28	1	8	7	1	1	3	25	4	2	2	4	13	5	2	14	3	4	1	4	1	0	10	3	5	18	1	2	6	3	15	4	12	1	10	4	1	6	20	3	16	11	17	15	2	6	5	26	2	6	2	2	0	2	12	10	2	17	1	5	6	5	7	6	11	11	5	6	3	99	17	12	11	17	7	4	5	0	8	28	19	13	5	6	21	2	4	20	4	2	4	2	17	8	17	9	14	3	9	6	25	32	5	7	2	0	14	11	23	14	8	16	20	15	20	6	5	18	12	12	15	31	11	12	6	5	6	4	1	0	21	9	12	3	5	11	14	24	3	2	2	3	30	30	5	17	4	23	14	4	1	6	6	16	15	20	11	4	19	5	28	11	3	24	4	27	16	8	7	20	17	4	3	8	11	8	32	5	18	63	5	7	3	6	3	43	3	10	3	4	21	21	6	51	20	28
27	13	18	121	10	14	19	9	14	15	83	9	14	13	31	49	16	15	29	7	17	9	11	8	12	13	7	17	43	19	10	11	8	51	17	60	7	33	14	10	21	61	10	47	4	116	68	20	24	15	114	12	18	6	9	8	11	36	51	23	42	20	13	22	16	15	18	87	52	36	10	11	96	71	55	52	77	42	47	19	7	34	79	85	27	31	25	97	16	13	58	17	31	25	50	44	33	83	52	81	13	40	44	40	77	6	71	31	23	78	75	103	54	35	45	159	79	76	14	12	23	32	100	120	80	44	73	13	27	35	23	13	4	48	38	91	17	26	44	60	39	9	17	18	52	134	150	18	61	15	126	77	16	20	28	33	88	76	28	80	11	67	40	134	71	20	102	12	116	120	8	24	83	83	24	15	24	60	39	134	17	92	73	50	20	13	15	20	185	16	79	14	15	109	75	26	73	56	161
28	25	31	236	19	59	300	7	15	43	7270	166	46	209	73	157	16	143	904	7	16	8	13	9	16	39	12	35	188	13	13	80	8	120	26	157	13	1755	36	27	54	141	27	390	23	2395	308	919	161	18	3868	86	14	13	7	22	12	89	435	120	65	133	346	73	25	37	19	308	119	110	67	66	9483	150	250	168	271	189	532	50	41	205	355	205	104	188	786	479	56	135	460	68	42	132	1390	142	123	237	140	165	35	371	92	71	375	15	151	58	21	246	453	350	273	37	2099	353	261	646	19	14	90	256	392	453	126	180	132	25	159	89	62	23	4	175	147	281	409	97	80	159	123	62	29	18	416	322	765	27	290	16	230	210	35	92	154	309	286	610	2203	152	71	249	109	338	860	88	1630	98	295	177	13	46	615	229	74	36	866	258	1071	584	49	2407	5240	227	120	60	36	46	671	108	235	67	157	402	342	969	905	177	1485
29	22	20	148	10	20	74	9	14	25	1472	37	22	60	57	67	15	45	197	10	14	13	12	16	13	26	23	17	86	12	19	17	8	60	24	88	7	419	13	17	35	88	27	116	15	574	157	184	68	14	855	34	18	13	7	14	6	51	130	32	44	43	84	21	25	26	22	163	78	47	31	32	2022	109	106	93	175	72	186	36	22	78	126	135	39	73	172	197	19	34	156	49	34	66	299	90	64	174	102	93	18	109	63	56	159	15	120	37	22	105	168	180	143	44	413	222	116	204	15	13	48	86	159	200	90	71	108	17	50	44	29	9	14	74	83	135	91	46	90	82	58	40	11	18	131	245	320	38	117	23	148	143	27	35	68	99	143	190	467	79	27	106	82	204	232	53	473	45	179	146	9	31	206	152	43	42	181	126	258	295	25	549	1084	101	48	35	24	41	314	38	96	38	53	202	173	223	259	92	426
30	3	3	16	7	4	11	2	2	8	340	10	0	11	14	18	2	4	39	4	1	2	3	2	2	2	2	2	8	3	5	9	2	11	5	18	3	74	4	5	7	9	6	23	3	119	22	50	10	3	184	9	4	2	4	1	4	9	24	10	6	15	27	3	6	8	1	15	12	9	5	6	408	14	17	7	21	15	29	8	1	11	18	12	13	12	36	24	7	2	20	6	6	10	61	14	11	17	12	12	11	19	21	5	18	5	10	8	8	13	21	19	18	6	78	30	20	25	4	3	7	17	37	32	9	9	8	4	14	14	13	2	1	11	18	16	19	12	5	23	10	8	2	7	27	21	38	11	20	8	14	16	5	7	11	40	10	35	105	10	8	14	2	10	74	7	58	10	14	14	3	10	27	5	7	9	39	11	68	53	7	115	216	12	10	4	4	5	61	4	11	7	8	18	23	48	51	23	86
31	23	47	315	14	62	361	17	27	52	8533	191	66	250	108	195	28	185	1080	19	20	22	17	25	18	48	16	48	254	31	46	86	14	151	38	272	10	2117	56	41	59	205	37	516	35	2698	370	1086	199	33	4522	116	50	18	12	32	16	135	496	134	124	137	400	89	43	46	42	381	193	128	99	110	11294	259	305	231	372	245	665	57	55	230	431	258	182	255	907	631	74	164	595	109	41	194	1624	189	139	350	228	211	41	429	123	100	547	13	221	97	37	313	626	441	346	54	2352	504	361	767	29	31	103	339	636	639	171	235	174	28	162	117	89	27	15	202	199	362	436	103	130	214	140	82	43	35	528	438	964	63	373	19	327	265	66	103	204	428	325	793	2586	239	103	373	143	433	1041	113	1853	145	436	256	21	74	763	326	111	50	973	300	1222	742	84	2885	5984	314	188	72	42	75	907	133	291	82	173	580	458	1174	1079	251	1720
32	41	52	145	55	64	55	39	65	75	217	31	61	41	74	138	38	47	66	24	49	27	34	35	35	73	53	54	103	74	45	41	33	83	70	124	42	83	41	45	89	106	87	82	43	207	142	60	52	38	128	34	56	58	29	31	34	101	111	87	79	96	81	39	68	44	44	156	172	85	66	61	367	129	88	98	209	68	83	71	43	87	138	165	96	70	61	218	55	25	140	117	61	79	82	136	92	109	102	204	53	85	138	124	119	63	126	72	54	102	129	163	150	122	185	281	152	126	49	41	65	80	181	209	109	114	141	46	77	83	103	48	26	136	92	131	54	61	100	127	105	111	54	43	112	234	164	95	107	35	182	132	73	74	75	130	138	145	105	191	47	123	53	190	219	71	149	86	169	214	46	77	124	144	74	70	86	97	144	203	65	181	170	120	110	47	63	71	284	49	123	70	64	155	156	97	178	127	236
33	18	34	108	30	26	27	17	25	36	83	13	33	18	44	54	18	20	55	13	24	12	33	26	16	49	21	36	60	39	22	24	24	63	29	85	16	25	19	28	44	69	42	55	18	86	86	35	30	20	64	31	29	18	24	11	21	61	62	53	59	39	34	23	29	25	29	78	98	42	42	22	92	114	60	65	106	50	54	36	15	61	82	96	51	44	20	102	19	17	90	61	29	48	42	94	59	87	72	112	26	50	91	60	91	34	91	43	28	86	80	110	94	59	121	164	86	81	32	19	52	47	113	125	59	51	83	26	25	45	41	25	15	85	62	102	24	32	52	78	44	57	24	27	61	127	117	46	53	23	126	90	50	40	52	64	83	71	44	77	34	65	41	153	100	39	87	51	91	128	16	44	78	69	48	46	45	70	60	141	19	85	118	66	47	22	31	31	175	23	96	38	61	108	98	40	87	76	176
34	100	173	184	157	153	137	85	76	153	99	74	195	72	136	358	89	135	116	94	146	62	93	129	97	154	141	114	118	181	169	105	95	153	144	130	132	94	174	92	130	163	150	134	171	82	161	86	134	83	129	95	156	105	83	82	106	195	136	266	179	227	112	117	126	120	114	131	170	190	208	102	201	144	103	78	179	109	88	163	134	229	97	167	253	152	118	369	80	58	102	179	177	90	74	248	161	168	121	412	155	89	440	170	140	207	278	138	127	104	144	153	296	266	410	207	168	118	97	111	188	106	343	227	107	259	147	110	175	167	295	118	99	237	133	187	64	125	136	172	286	426	145	85	187	281	174	170	129	150	204	176	177	202	150	283	158	303	204	187	124	118	142	171	496	135	120	314	150	199	164	254	143	167	144	164	223	131	203	248	145	215	175	223	266	125	130	142	175	109	177	131	205	200	171	254	434	141	178
35	26	41	146	24	29	36	17	36	34	93	18	42	24	56	84	28	19	54	22	24	26	36	31	28	56	26	43	92	39	28	29	28	94	57	99	34	42	35	30	76	96	48	66	22	156	114	36	41	24	91	37	38	24	23	27	15	84	89	69	86	59	49	28	57	38	33	111	105	61	41	40	122	112	74	72	136	61	56	49	34	59	118	127	71	74	48	127	40	22	99	75	31	47	53	97	62	106	71	121	25	58	99	91	95	35	113	45	53	69	85	151	100	68	91	225	131	83	40	18	55	56	190	146	101	94	111	36	51	63	62	28	17	115	99	97	26	36	68	119	54	71	37	35	74	187	136	58	100	27	145	95	46	50	59	83	97	91	58	130	34	82	47	186	144	62	116	55	135	172	34	56	91	103	51	45	42	78	99	152	41	98	67	74	50	27	46	39	175	31	114	53	55	112	146	60	120	97	218
36	20	31	112	20	37	26	22	29	36	215	21	35	31	43	67	28	27	49	21	27	13	25	30	16	36	15	30	81	42	21	24	24	57	42	96	23	61	24	25	34	90	24	68	20	128	111	40	36	33	134	23	19	27	16	13	20	87	104	54	75	47	55	21	43	29	34	124	122	61	37	30	161	119	74	70	152	55	72	38	19	70	101	141	63	49	38	140	34	14	98	63	39	51	59	88	66	95	68	142	42	66	98	69	117	34	92	49	36	76	87	150	92	63	124	227	119	89	35	18	51	68	164	146	84	65	113	26	54	46	49	44	20	82	65	102	30	35	69	73	64	54	29	33	65	171	117	55	72	20	132	98	48	46	40	86	106	108	63	109	40	93	55	182	169	49	132	47	121	141	13	32	92	92	58	43	51	86	67	166	45	120	97	63	55	30	41	32	220	28	95	35	49	142	112	74	124	67	219
37	25	24	162	16	28	14	20	25	37	74	23	27	17	64	87	37	22	54	8	16	13	25	25	24	42	24	47	90	45	23	18	18	69	52	102	24	38	24	23	42	85	37	72	21	146	114	43	42	19	63	27	25	28	14	15	16	69	71	40	55	31	53	22	34	29	33	115	97	57	23	16	68	130	67	94	158	54	84	55	29	62	93	119	54	55	26	149	29	22	117	58	29	60	63	90	58	133	88	110	42	88	82	81	114	25	145	37	48	113	115	171	116	46	105	238	119	107	38	17	42	66	111	176	103	74	109	22	47	43	34	24	18	95	94	124	36	32	73	84	70	34	39	39	62	195	177	61	80	34	152	115	28	34	59	49	116	103	43	101	33	88	52	196	110	46	163	53	142	165	22	37	149	102	43	43	36	90	70	203	31	133	66	73	39	17	39	25	249	25	95	39	37	175	129	49	104	89	207
38	66	100	147	86	105	68	60	55	78	192	59	134	47	97	251	54	96	93	64	102	54	66	66	65	124	77	97	84	99	110	72	72	108	110	120	83	111	90	63	130	114	103	80	77	119	110	83	71	70	171	63	101	58	48	55	96	132	106	175	134	149	127	62	92	76	84	121	175	122	146	65	305	145	68	77	158	68	77	130	72	186	100	152	164	119	105	274	65	40	116	158	135	99	78	185	82	95	85	342	109	98	317	117	120	107	183	110	126	80	101	131	200	175	355	179	149	103	78	74	145	66	269	196	69	170	101	103	110	95	167	88	52	175	93	121	54	94	104	135	196	289	103	65	169	206	134	120	99	87	173	117	128	165	121	232	122	209	153	143	86	94	116	180	377	114	89	228	112	163	112	158	130	118	111	119	177	91	160	183	99	211	214	174	161	73	108	108	175	68	127	117	160	138	137	182	303	99	192
39	34	42	189	30	37	53	38	37	41	137	16	36	35	63	80	40	32	72	22	27	14	25	31	20	56	22	34	90	60	30	18	24	93	43	135	24	57	35	41	59	133	48	99	23	217	153	47	44	31	96	34	35	30	18	16	24	77	151	69	85	50	60	30	48	35	43	153	134	58	42	24	120	166	104	92	194	78	70	57	30	90	168	187	72	60	36	167	36	32	138	71	49	55	73	87	81	137	109	158	47	81	160	75	130	45	135	54	45	123	133	216	168	79	115	305	146	150	44	26	77	72	159	202	134	102	121	40	59	56	56	41	18	123	87	131	28	44	120	102	81	71	37	35	86	272	176	67	119	26	183	140	58	54	59	85	144	133	82	159	48	115	74	263	135	59	159	65	179	202	30	60	137	142	43	49	53	110	123	242	54	135	103	84	52	38	40	55	304	32	124	53	53	192	173	62	145	149	260
40	35	42	126	21	31	31	25	28	32	201	16	28	31	49	77	23	32	43	12	15	18	16	21	24	44	27	40	71	32	23	23	25	68	41	110	25	64	26	21	38	78	37	71	19	192	110	52	41	23	138	21	36	21	13	18	19	80	64	48	68	46	54	25	38	34	28	115	78	29	40	22	311	125	72	79	139	56	59	33	22	60	102	137	60	52	60	135	34	26	114	62	39	51	74	88	71	98	83	136	40	78	114	56	112	26	103	45	47	109	107	149	115	84	120	168	91	104	24	25	70	57	102	152	91	81	91	25	47	62	49	20	11	98	74	144	25	27	75	79	69	61	39	31	67	203	139	58	72	32	131	105	43	49	43	91	88	105	78	87	50	90	61	193	139	42	147	47	142	136	22	47	114	112	51	47	63	78	69	198	23	129	132	93	47	38	32	42	210	30	71	34	45	114	140	57	119	92	206
41	27	38	114	22	26	31	16	23	36	122	15	26	28	42	75	31	20	47	9	23	18	20	28	15	40	26	22	64	44	27	22	30	63	32	92	22	30	33	34	41	86	39	47	18	110	112	52	31	21	62	31	15	22	19	8	19	71	74	59	64	38	36	19	43	31	33	130	106	35	45	24	63	125	60	56	128	50	64	53	20	50	96	114	57	54	39	122	36	19	78	61	41	47	40	92	59	80	79	121	44	47	99	63	80	35	99	45	39	74	80	121	93	80	120	191	95	67	32	26	58	52	152	148	79	70	100	39	40	46	47	25	13	70	73	97	28	31	58	70	69	39	33	29	62	184	129	67	56	15	118	93	50	30	38	86	89	93	42	96	34	80	46	169	96	55	87	58	100	146	29	35	100	90	46	36	50	95	69	173	42	103	54	81	38	32	43	46	206	32	78	40	47	120	107	39	115	91	155
42	61	109	128	74	122	80	81	91	100	43	48	113	68	74	261	59	93	87	53	84	59	57	68	77	111	86	90	78	114	123	64	71	94	108	94	82	59	98	82	94	120	118	88	86	89	99	80	80	47	94	66	94	73	55	71	75	137	121	211	126	129	102	65	111	99	69	97	133	141	127	62	131	97	64	63	142	68	53	113	85	168	65	122	196	96	78	272	51	39	98	128	136	65	56	201	110	133	104	263	97	74	316	104	124	125	202	108	93	84	106	133	220	178	285	174	127	112	104	74	138	69	251	194	79	171	90	104	115	117	193	98	51	139	95	129	51	97	90	130	189	256	123	58	151	182	107	101	101	82	168	99	126	124	109	190	95	218	157	193	79	82	101	136	315	98	86	202	110	151	108	173	101	125	128	115	161	99	127	152	122	175	115	165	149	83	97	113	124	76	127	95	168	136	114	164	276	104	164
43	22	23	93	24	26	30	19	20	34	87	11	27	25	38	55	26	26	24	17	21	10	23	30	22	33	13	26	66	42	16	27	14	53	33	74	16	41	18	24	38	75	31	68	26	99	91	32	36	20	36	32	27	27	13	7	17	69	76	46	56	39	33	15	34	25	19	98	82	42	29	21	108	85	72	43	128	56	40	41	20	62	89	86	68	42	31	121	22	15	102	49	31	45	44	81	41	99	65	111	34	69	99	69	78	25	75	28	31	83	69	101	91	54	84	201	91	91	28	21	43	46	118	145	65	52	87	29	33	51	49	26	8	81	54	90	25	38	63	80	51	35	14	36	57	167	88	62	62	16	117	86	37	42	46	68	87	82	53	107	30	85	29	157	111	45	75	32	102	130	25	27	87	88	48	46	43	62	67	137	29	127	41	77	36	29	37	41	172	31	84	34	46	98	118	57	91	53	172
44	52	124	152	70	196	437	35	58	89	16216	321	109	589	111	196	48	111	1423	51	47	26	62	42	42	105	72	205	171	240	93	175	43	119	167	253	42	2464	105	75	133	207	84	631	51	3337	320	1881	292	131	11245	297	75	53	40	147	53	293	511	688	158	206	235	126	73	41	281	358	268	251	101	444	16537	463	207	314	349	228	658	119	88	469	374	216	451	258	1388	565	113	178	382	116	95	277	1452	243	120	155	150	326	94	232	192	106	296	49	173	85	95	190	450	331	293	124	4764	332	273	390	68	65	162	223	1733	476	110	168	118	96	207	141	168	86	19	230	151	210	719	109	80	324	253	115	64	45	604	319	558	182	671	34	364	158	96	106	122	820	205	571	2391	229	126	228	125	263	1605	137	1705	231	200	219	66	129	507	240	151	79	1118	218	2211	483	81	2917	6380	220	405	73	72	87	585	230	230	262	819	436	238	1560	1939	135	2150
45	38	54	123	37	57	98	21	36	48	3019	75	53	127	81	86	28	51	318	22	26	14	39	34	23	68	38	66	82	77	33	71	25	83	57	107	25	537	34	44	59	103	51	138	36	744	160	399	80	57	2108	88	56	23	31	34	24	148	150	169	75	82	81	44	44	43	87	169	105	73	68	90	3151	153	93	109	213	90	151	61	27	138	139	160	134	69	298	217	42	46	171	94	55	86	353	117	73	131	80	153	51	115	122	81	105	45	115	59	52	84	155	170	164	74	953	209	141	131	45	41	83	73	442	224	78	95	89	49	74	79	74	30	13	129	76	128	143	49	71	115	104	70	43	40	167	197	217	81	196	29	193	103	58	62	74	252	138	199	442	101	39	118	69	182	428	50	427	92	149	133	43	35	193	126	85	60	241	106	441	258	48	609	1286	121	106	37	45	52	291	82	111	70	187	174	143	328	446	76	543
46	32	81	97	63	57	95	36	47	64	1341	59	81	87	61	188	49	61	159	32	54	31	60	62	58	74	53	74	68	83	55	66	33	64	70	84	47	242	63	47	106	83	64	83	50	342	105	206	66	58	1025	57	67	48	37	35	49	125	102	135	103	83	85	51	69	59	78	101	121	104	83	71	1420	114	66	66	111	56	109	95	56	137	57	120	143	84	159	216	54	43	91	109	66	81	148	127	91	66	68	204	61	67	185	78	112	89	122	75	64	65	99	99	134	118	575	138	110	90	63	42	113	60	292	171	60	124	81	61	79	76	133	55	33	112	72	101	90	64	63	139	138	171	73	55	154	149	143	86	105	61	113	97	86	117	54	193	84	178	287	117	53	133	58	109	307	68	168	145	89	102	66	76	87	98	90	86	196	77	288	129	64	355	617	124	150	34	72	50	143	79	89	81	161	104	87	240	316	91	300
47	38	68	167	48	108	248	30	40	64	8732	184	81	345	78	126	45	86	780	28	41	21	60	32	32	69	54	106	128	146	56	118	33	90	94	160	38	1402	66	60	100	136	54	368	40	1912	252	1078	197	76	6208	196	48	29	23	98	30	208	311	421	110	142	154	95	52	47	164	207	188	137	69	233	9390	325	129	212	233	135	375	92	63	247	226	164	254	172	714	342	72	76	244	74	88	224	786	140	92	129	119	248	72	176	169	89	169	48	135	84	70	160	306	250	208	70	2639	275	184	256	68	42	113	145	998	336	101	122	123	94	134	111	129	57	14	184	116	171	382	73	84	196	143	86	47	34	369	266	332	116	439	33	278	130	67	88	76	540	153	375	1339	150	77	175	75	195	990	105	990	166	182	179	49	87	305	180	90	67	687	161	1231	316	69	1683	3674	175	244	54	56	65	443	131	161	183	442	280	181	826	1010	120	1227
48	16	15	73	17	18	11	11	10	23	39	6	16	13	43	45	18	7	39	13	6	5	15	8	17	22	6	10	41	9	8	14	14	45	22	55	11	15	14	9	41	63	16	38	8	98	53	22	18	7	18	15	12	17	9	8	10	32	45	39	29	17	23	11	17	18	18	68	57	23	12	15	140	100	49	47	88	22	20	22	10	31	74	67	46	12	10	66	10	13	48	25	10	32	26	35	32	55	49	49	18	35	46	50	68	21	55	31	24	56	66	81	54	28	38	161	91	44	12	18	20	40	119	92	87	42	64	13	17	25	29	13	10	84	29	51	14	27	51	67	39	21	16	12	36	158	49	26	42	14	78	50	23	20	12	40	61	43	24	80	13	34	27	114	81	32	56	31	69	75	14	27	40	45	27	33	27	25	24	86	16	62	29	36	21	10	19	21	101	13	92	24	16	68	63	23	53	60	152
49	16	12	125	10	28	15	7	13	23	78	11	16	12	40	30	12	14	32	12	12	7	13	9	12	18	10	10	40	9	18	12	3	55	15	41	11	15	16	9	38	41	21	40	15	103	48	17	8	13	37	18	16	15	5	6	4	43	45	36	37	19	23	9	21	11	16	71	62	18	11	16	77	87	24	47	94	26	42	27	7	28	76	90	34	14	26	48	16	15	57	32	19	35	25	36	24	68	55	50	29	45	45	60	69	13	70	20	25	46	63	62	57	30	43	218	72	49	17	14	21	47	79	102	92	33	51	16	18	23	26	9	8	94	49	56	14	15	53	75	28	28	13	18	35	144	72	26	36	4	91	60	29	22	26	48	76	53	18	69	18	60	29	126	49	31	119	27	105	105	15	24	81	57	18	31	14	26	37	123	24	56	59	31	24	14	14	24	117	14	74	11	23	61	77	25	71	69	166
50	15	22	118	9	15	24	8	17	31	44	8	18	13	53	38	17	20	35	14	15	14	15	13	13	30	9	15	46	9	10	13	16	52	19	65	16	27	16	18	41	86	29	62	14	100	83	26	15	9	37	15	14	21	12	13	7	47	66	40	38	27	34	11	16	21	15	93	76	31	19	21	36	124	41	54	126	50	39	22	11	35	85	93	42	35	24	108	18	12	75	24	30	43	40	41	29	77	63	60	24	62	52	71	90	20	62	32	14	64	83	99	79	38	36	255	95	48	9	9	32	53	120	107	99	47	70	17	30	29	34	20	10	102	35	57	13	32	74	74	35	31	23	21	40	178	88	40	48	8	108	84	21	21	19	52	96	68	23	106	13	75	29	137	87	22	83	34	117	128	14	34	82	75	20	33	30	56	37	125	27	63	63	49	20	17	21	30	148	19	81	27	28	110	81	26	66	78	191
51	20	10	118	20	21	29	15	14	24	76	6	28	10	64	75	15	20	59	10	21	7	10	15	15	37	11	25	52	23	18	12	15	61	22	64	15	27	20	22	51	109	19	51	16	122	85	22	26	11	30	19	18	24	9	2	17	54	70	47	49	15	41	15	34	24	19	85	99	29	18	12	76	106	45	32	150	31	45	35	19	49	86	106	62	32	17	113	24	14	63	58	29	47	36	55	39	87	74	103	30	40	65	80	130	24	70	44	29	63	63	85	88	47	51	247	111	69	21	7	42	53	410	142	100	73	71	10	39	28	56	10	8	147	40	66	17	31	68	122	37	48	17	15	42	225	99	28	98	23	134	87	40	27	35	84	77	61	28	119	27	71	38	159	143	32	92	39	96	113	20	29	84	66	35	19	52	55	36	129	35	198	53	42	25	20	22	39	137	19	86	37	31	72	75	31	94	79	222
52	15	8	89	6	10	7	4	10	14	53	4	15	8	34	20	5	7	27	5	8	12	7	8	14	9	2	7	34	7	17	9	4	44	18	44	6	35	15	14	23	59	10	36	6	114	63	15	15	10	61	16	5	8	8	7	5	20	45	17	28	8	9	7	18	15	7	76	34	19	10	8	22	90	47	42	91	33	21	19	10	13	71	59	35	14	15	33	14	14	47	20	18	21	29	26	24	84	45	24	14	26	26	42	81	12	51	18	12	52	76	66	53	25	38	203	68	57	13	8	19	34	85	84	71	26	65	13	12	26	16	6	8	76	28	49	7	13	50	60	19	12	12	8	22	130	59	15	43	15	76	48	9	16	13	34	47	46	24	69	5	42	28	112	43	15	69	17	53	78	12	10	49	55	14	9	14	38	31	91	17	41	16	31	20	12	14	12	124	6	80	19	15	57	59	25	52	51	160
53	19	16	139	10	14	25	9	9	19	39	11	27	10	61	43	16	24	43	7	16	11	5	9	20	25	17	11	61	8	9	10	11	91	23	89	15	25	19	7	57	99	19	72	14	179	83	18	19	14	40	12	16	6	13	6	7	26	81	31	60	12	20	12	23	25	10	123	61	33	22	12	28	128	77	62	149	54	61	25	10	25	112	132	47	40	17	67	14	14	123	25	18	36	50	45	60	138	74	64	10	65	42	84	133	12	95	19	16	90	92	157	81	40	43	323	114	96	23	13	26	54	118	143	133	54	102	15	23	22	21	12	12	104	56	79	12	30	90	75	51	30	21	15	32	236	133	26	87	17	161	87	17	21	33	46	100	57	25	95	14	109	58	183	77	34	116	29	157	149	10	31	90	103	23	26	13	81	49	172	28	56	26	40	30	19	27	37	199	18	117	21	14	146	138	23	69	95	270
54	14	13	92	10	18	17	12	10	19	113	11	19	9	49	41	16	17	30	5	9	9	6	4	17	19	6	12	53	12	13	11	12	59	19	76	19	17	18	14	44	93	24	49	12	142	96	15	17	12	48	15	22	8	7	17	8	31	59	28	54	8	21	13	18	20	11	84	66	26	17	12	84	111	52	48	140	43	40	28	9	32	78	101	35	21	18	71	17	17	84	34	24	48	45	46	37	72	76	69	26	72	41	63	118	21	80	24	19	74	87	109	81	31	33	264	127	76	15	14	21	56	113	144	110	34	81	19	25	34	31	8	8	126	48	61	16	28	60	96	24	28	21	16	27	228	97	34	69	13	147	97	13	18	27	45	74	48	28	93	15	72	51	178	58	39	80	39	126	136	18	18	72	87	16	27	15	66	44	126	30	75	82	46	21	15	26	25	169	21	80	19	22	89	114	25	63	88	205
55	16	17	158	9	15	8	9	20	18	45	7	22	14	66	32	13	17	48	6	4	11	14	14	15	21	8	14	73	6	16	11	8	58	22	70	16	22	17	12	63	128	21	67	6	177	85	13	28	12	34	15	13	10	9	9	10	50	91	35	46	9	25	17	18	22	14	113	80	27	15	9	83	135	44	65	138	59	40	27	9	34	140	115	55	25	38	68	21	16	93	21	26	30	37	33	39	123	91	62	22	59	39	63	130	18	93	19	22	77	72	134	65	40	62	338	123	82	15	9	24	56	177	109	128	40	81	12	26	27	25	16	12	148	43	69	19	25	110	116	24	31	15	10	22	248	109	36	81	22	121	79	25	25	29	54	96	62	40	124	29	82	57	166	86	26	90	28	136	146	17	16	73	112	17	30	28	46	32	150	28	96	71	33	27	19	9	30	169	17	129	31	20	96	113	33	73	104	271
56	14	11	62	7	8	8	9	14	14	24	4	10	13	26	26	12	7	19	4	7	6	1	8	4	9	5	12	36	12	8	6	4	23	13	40	15	14	11	11	20	61	9	35	12	92	53	8	16	8	17	11	13	7	7	11	3	26	40	22	19	13	25	10	13	11	14	43	44	22	12	12	35	66	33	45	57	32	16	13	6	19	66	50	31	18	19	34	13	11	62	21	12	17	32	31	29	56	39	43	10	31	26	38	69	10	42	19	8	56	41	60	34	19	43	156	58	69	9	5	17	26	78	52	46	18	46	7	24	15	12	6	7	57	30	55	26	10	40	47	22	10	9	6	21	110	54	17	32	8	57	37	10	10	18	31	43	31	8	49	13	34	34	91	45	23	43	8	72	52	7	11	55	36	11	5	21	24	15	61	12	37	34	25	20	10	21	8	79	7	54	11	7	72	56	11	44	46	111
57	10	10	70	4	8	12	2	0	17	79	7	15	8	27	20	9	6	29	2	8	4	9	15	5	10	2	9	29	11	9	9	9	23	19	48	4	31	12	3	26	44	9	25	8	63	44	19	21	6	79	9	4	4	5	8	6	22	38	18	27	9	11	3	13	10	7	45	39	9	9	14	14	58	36	40	60	47	23	13	3	21	59	69	23	13	6	45	9	13	43	16	13	10	23	31	24	53	40	32	9	35	40	37	47	5	50	19	9	42	39	69	50	20	28	155	57	41	10	8	11	32	59	64	62	29	38	10	10	12	13	5	7	46	25	36	5	19	36	39	16	20	8	3	18	105	58	9	37	6	73	43	13	9	8	30	41	40	12	57	7	48	31	107	63	10	52	14	46	75	8	9	42	58	7	8	10	37	13	87	16	67	20	23	16	8	6	19	78	7	43	14	18	56	65	19	37	48	127
58	13	13	91	5	13	9	6	7	16	34	7	22	9	40	31	14	5	40	6	5	6	6	8	4	14	4	16	32	14	11	7	4	41	17	60	7	16	12	15	22	50	17	39	8	135	59	10	14	6	41	12	11	12	9	6	7	25	51	27	27	24	18	9	11	13	6	84	37	19	9	10	33	76	52	47	84	37	24	21	9	21	61	77	23	19	21	55	13	8	67	36	15	12	31	42	26	83	55	50	11	50	24	51	95	7	73	24	4	62	78	80	52	25	24	198	86	62	18	6	14	37	62	115	79	24	64	4	13	18	27	6	3	75	45	54	12	22	44	46	22	22	20	14	27	165	84	16	59	8	111	60	11	17	18	37	96	48	35	78	15	53	39	132	48	22	86	19	82	79	10	13	68	65	13	26	15	46	20	118	19	57	23	33	24	8	15	18	152	10	87	15	14	80	82	25	54	51	116
59	10	19	128	16	14	15	7	2	15	35	8	18	4	51	22	10	9	39	11	6	7	9	12	9	19	7	12	50	9	4	10	7	76	19	80	9	18	4	13	49	92	13	55	12	125	87	11	17	6	24	22	9	7	10	7	6	29	74	24	47	20	23	6	15	17	11	96	45	22	7	17	31	107	44	61	121	36	56	17	13	12	87	88	39	27	26	61	11	16	73	29	15	44	52	43	38	88	68	50	13	51	44	50	109	14	64	26	7	77	78	96	46	29	50	235	78	72	16	12	31	56	116	77	107	34	79	9	16	23	22	9	13	136	37	71	15	20	74	83	21	26	7	7	18	202	95	18	75	14	115	70	20	22	23	48	88	52	23	98	12	69	55	135	77	25	79	31	116	107	14	23	67	72	22	15	14	46	39	142	16	71	17	33	19	13	15	29	163	18	86	16	20	89	103	16	64	92	202
60	12	25	100	20	18	27	10	11	15	73	10	26	10	43	92	17	13	55	8	16	8	16	18	11	44	23	19	40	23	20	11	13	50	30	64	11	30	24	25	40	72	32	53	14	97	78	24	35	16	64	24	22	26	11	5	9	65	53	46	38	40	41	19	36	27	34	93	90	46	34	12	101	108	47	46	128	47	47	37	23	61	79	105	53	33	14	89	27	19	70	82	42	47	47	60	45	91	69	100	49	57	68	86	120	23	79	49	38	70	78	98	93	73	83	205	97	63	29	11	57	31	443	142	73	64	90	12	44	47	65	23	20	124	48	77	17	39	57	107	59	62	18	16	50	155	112	49	67	22	120	77	41	25	45	74	79	75	32	102	31	64	40	148	160	34	82	40	110	108	12	29	78	78	29	29	56	57	47	124	40	223	80	48	33	26	30	31	141	30	89	48	37	83	71	27	89	65	168
61	13	15	91	8	3	17	12	9	14	33	9	16	8	54	32	17	8	28	6	9	5	7	5	6	18	10	13	59	13	8	16	5	57	19	46	14	12	11	8	41	67	18	34	9	103	79	12	14	7	33	10	10	13	7	4	7	38	47	25	42	13	26	14	17	19	12	79	58	33	18	6	53	105	40	61	105	49	35	20	12	21	70	111	21	22	25	73	25	21	65	29	10	48	26	41	45	86	48	52	10	46	49	41	90	5	58	21	10	67	60	105	47	28	39	207	67	53	22	1	21	41	134	112	96	25	58	13	32	22	20	8	8	92	35	71	13	12	52	64	25	16	13	5	32	182	91	17	54	9	120	63	10	20	6	44	64	56	25	78	18	54	36	119	54	32	70	23	107	106	8	18	70	80	19	14	25	56	28	120	19	73	28	33	18	28	11	13	136	16	86	20	13	79	75	15	62	76	161
62	8	12	72	5	6	8	3	11	11	42	5	20	7	45	16	11	8	33	6	8	5	9	10	11	21	6	12	31	13	11	5	6	28	17	51	12	17	12	7	29	55	7	40	14	91	43	18	13	8	23	17	6	9	12	2	6	18	48	36	32	11	24	10	20	14	13	56	45	13	7	10	19	69	27	34	64	23	22	21	10	32	49	55	47	19	12	42	15	12	62	16	17	22	51	37	20	44	63	39	18	42	40	44	66	10	57	29	16	48	44	75	38	30	42	137	70	54	9	8	19	35	130	74	68	30	43	6	27	24	17	14	9	56	32	40	11	22	47	46	23	12	12	11	30	124	50	27	37	9	79	55	20	15	20	30	44	53	20	47	10	44	22	104	64	29	65	24	63	82	9	18	45	61	21	22	23	28	55	94	18	47	16	28	17	7	16	19	92	12	63	12	17	56	55	17	71	49	128
63	18	36	186	26	18	34	15	14	36	84	16	37	21	88	87	20	16	72	5	12	19	18	23	22	45	14	17	89	17	14	15	10	65	35	103	13	29	23	26	83	115	25	88	14	193	109	21	29	11	38	23	20	19	19	12	17	77	108	58	79	35	46	17	23	26	21	137	107	58	34	14	56	169	49	80	203	58	55	50	12	64	144	154	79	47	38	111	23	18	122	54	34	55	67	73	57	131	109	126	32	78	87	118	154	22	106	58	26	100	102	145	122	74	56	412	135	80	13	14	39	62	344	139	147	74	102	14	40	50	56	21	12	223	57	107	19	34	101	143	48	52	17	18	51	295	138	55	100	18	188	110	39	40	37	93	118	62	28	168	27	110	42	240	116	46	112	38	127	171	17	32	104	106	36	43	37	62	44	195	40	156	46	70	25	25	29	42	239	27	130	45	47	119	140	55	97	112	278
64	61	48	186	52	52	54	43	49	84	109	33	62	49	103	146	52	39	75	30	44	38	42	57	49	63	47	60	105	86	47	45	43	130	84	129	49	54	52	67	94	134	77	102	43	193	169	78	56	55	102	45	58	61	34	34	43	147	140	126	127	81	80	46	88	56	49	165	195	96	74	60	147	168	101	113	228	82	97	89	34	116	160	193	142	129	47	189	45	40	188	103	70	90	85	178	105	143	123	205	74	110	156	144	161	63	136	67	96	124	151	262	178	101	141	314	187	133	56	34	102	96	297	297	184	114	164	60	72	92	126	59	23	172	91	184	34	59	123	137	127	122	73	63	126	265	151	111	125	48	196	210	87	85	68	126	161	187	128	195	51	143	83	272	196	87	165	96	208	229	57	65	169	156	74	80	73	116	138	264	46	268	123	134	93	58	63	81	286	50	162	91	73	179	192	84	204	170	307
65	15	21	91	15	18	21	8	16	27	44	17	27	15	38	58	17	23	35	7	15	8	15	16	5	25	9	17	34	28	20	12	10	47	24	78	15	26	21	32	26	52	30	40	15	85	70	29	25	18	145	17	22	20	18	9	16	49	55	40	43	27	27	9	26	13	19	63	76	45	25	17	31	80	40	36	84	53	40	36	12	35	60	87	30	57	20	72	13	12	67	37	25	28	34	55	50	60	74	79	27	45	62	57	88	37	63	31	43	63	72	87	80	49	54	120	67	41	23	20	25	41	118	139	76	39	57	26	28	37	44	16	10	85	35	66	27	25	49	58	48	35	23	16	37	123	61	38	53	20	71	83	40	25	29	45	102	77	33	72	17	46	39	100	67	27	70	44	95	98	17	26	72	73	28	26	32	46	60	98	28	104	43	49	29	18	19	23	119	17	61	18	26	74	60	32	63	63	96
66	45	47	145	39	49	35	43	53	48	57	22	56	32	79	99	47	37	67	14	46	24	30	35	28	46	31	49	80	56	41	47	25	78	76	114	47	44	45	39	75	108	58	90	26	136	124	49	52	37	48	54	54	48	26	35	44	97	102	88	96	67	79	23	71	58	48	117	162	71	56	40	85	128	89	86	188	58	53	60	30	60	133	144	103	78	48	176	51	20	135	88	54	62	72	126	82	107	100	156	54	75	137	102	95	43	110	66	85	98	110	141	153	80	126	222	154	105	48	39	65	60	166	212	98	90	133	44	49	66	96	37	20	136	77	114	39	51	93	105	96	91	43	57	97	252	118	74	89	35	182	136	67	75	61	115	127	127	56	174	37	108	48	189	146	65	102	71	143	186	42	61	131	111	66	78	50	91	104	194	69	101	58	115	84	45	55	51	233	24	134	74	80	139	116	61	141	106	226
67	45	58	211	38	47	44	41	46	67	87	31	57	32	92	132	53	36	81	17	33	21	37	39	39	66	30	54	131	64	57	36	32	127	90	154	35	58	49	34	77	155	65	92	40	190	181	42	58	46	80	47	49	41	39	45	23	136	122	119	114	69	79	29	86	46	50	148	173	81	61	45	86	197	119	119	222	81	89	76	24	88	139	190	91	118	47	188	56	22	170	114	62	82	65	137	102	154	125	210	59	127	156	134	172	74	168	96	67	132	154	190	175	108	129	351	197	115	58	38	109	93	305	288	146	114	144	60	71	73	99	42	20	150	99	165	36	66	109	154	93	83	56	42	108	324	154	88	133	48	225	205	72	82	81	140	134	165	70	187	47	132	70	290	196	60	161	74	214	279	40	62	152	131	86	71	58	104	116	231	67	239	95	118	79	38	63	84	273	43	164	74	74	188	175	70	180	173	312
68	20	24	94	22	16	30	7	22	28	69	10	25	24	43	55	17	15	43	13	15	4	10	15	15	21	11	22	42	30	15	14	6	54	27	62	7	15	15	18	32	58	23	45	19	60	85	22	22	17	47	23	19	20	13	13	21	65	80	27	46	29	36	11	17	17	19	57	92	34	23	20	79	74	36	40	86	48	35	35	7	34	68	112	44	77	18	87	29	16	82	62	24	39	30	42	44	102	37	76	26	40	50	74	73	24	64	31	25	67	74	80	62	41	55	119	84	43	28	12	39	39	163	138	81	62	69	19	32	31	41	13	13	62	29	70	13	30	46	46	41	22	23	16	29	138	72	30	55	11	66	109	38	34	29	35	86	100	47	71	12	45	33	97	82	29	103	44	102	96	16	25	78	58	33	38	47	42	45	110	28	123	57	48	20	19	22	30	144	14	55	34	37	87	99	29	75	85	156
69	12	16	119	14	17	21	10	25	21	29	16	15	14	42	38	25	8	40	12	15	12	13	14	11	33	16	21	58	29	18	12	8	67	24	70	12	22	18	16	34	81	43	54	16	105	85	19	24	9	32	27	29	13	10	12	14	39	77	38	51	21	33	14	16	17	23	85	94	22	31	22	76	99	58	55	103	51	46	12	10	40	99	111	39	48	23	97	17	18	84	37	24	29	37	65	39	116	46	90	20	50	48	67	84	23	92	32	32	75	92	141	70	39	51	190	88	90	20	19	32	40	166	128	96	47	72	20	27	35	28	21	8	86	62	89	16	22	52	67	38	23	21	14	46	155	142	20	67	11	123	89	34	28	34	55	107	86	33	68	17	74	55	132	82	32	95	40	105	104	16	27	91	97	26	25	17	73	50	178	20	80	23	43	39	11	15	37	180	14	68	32	29	112	89	42	69	82	154
70	28	22	114	26	25	27	25	23	42	31	12	33	11	42	59	23	29	29	10	23	12	30	21	20	23	18	25	51	33	18	26	11	52	37	91	22	28	22	30	37	55	37	43	20	92	106	22	31	27	29	29	20	21	14	15	12	84	64	64	48	40	44	13	30	23	22	70	83	30	45	21	26	77	59	60	100	37	46	38	9	40	96	107	50	63	22	93	31	15	95	75	35	42	48	59	52	54	58	117	26	52	80	62	73	31	71	37	32	71	66	116	96	55	82	153	106	72	21	24	63	47	146	140	67	60	64	24	33	49	48	26	11	70	54	67	36	28	52	80	63	43	29	27	63	156	105	44	73	29	133	86	39	32	32	66	81	81	30	101	23	62	32	137	116	26	75	32	90	123	25	24	90	65	35	27	40	76	63	143	22	90	17	71	56	32	20	36	154	16	70	52	49	72	88	37	119	62	133
71	15	24	124	22	28	31	16	18	26	41	11	29	16	55	72	20	17	43	9	18	17	17	17	18	33	10	31	65	25	18	10	9	49	34	97	17	21	28	19	36	78	25	50	11	119	93	34	25	19	55	22	24	24	15	8	16	46	81	39	54	30	35	16	35	21	25	122	113	30	25	23	32	110	68	56	127	62	58	42	12	42	83	107	54	71	30	92	27	27	103	49	21	58	50	71	47	122	69	104	24	62	91	91	90	24	96	35	36	72	101	172	81	56	50	218	113	105	30	14	52	74	316	159	103	57	88	21	31	40	41	22	10	80	53	111	19	35	73	130	47	44	20	24	62	199	127	43	83	21	148	119	46	46	49	55	101	102	36	97	31	83	43	168	87	29	108	33	128	137	21	37	122	91	32	39	33	80	43	185	28	138	44	87	38	16	27	57	195	19	82	38	40	120	130	29	69	100	199
72	14	21	87	21	23	19	22	21	27	22	10	24	18	33	41	17	20	31	9	22	8	11	14	23	23	14	16	36	31	22	13	12	45	30	73	13	19	18	19	32	53	25	35	13	72	53	22	28	19	53	23	19	25	12	9	15	44	60	45	46	35	27	11	23	17	17	82	82	38	28	20	43	60	58	48	92	41	49	21	9	54	80	79	35	55	27	66	22	21	64	23	30	36	33	64	36	70	53	97	28	46	75	64	67	26	71	26	35	63	79	148	62	34	43	147	78	65	23	10	32	41	101	118	93	42	72	13	32	32	27	19	8	71	49	82	17	29	64	57	32	46	23	24	58	125	98	28	45	20	94	88	34	34	27	37	78	94	34	70	19	59	39	101	75	36	65	31	102	101	19	20	86	70	33	19	32	49	57	131	26	123	72	48	37	17	25	25	170	13	57	35	30	84	110	31	57	78	140
73	16	15	62	11	13	11	6	14	21	57	9	11	6	25	35	9	10	15	2	5	8	8	10	12	8	7	14	29	12	13	9	10	34	17	33	11	20	11	9	23	39	14	16	8	71	45	10	16	13	48	17	9	12	7	10	10	32	32	33	28	22	22	7	17	13	22	48	61	15	15	7	25	56	18	36	77	26	20	17	10	24	40	43	29	34	13	50	13	9	67	28	22	20	27	25	25	54	32	45	12	19	41	39	66	11	52	23	23	40	58	63	47	15	40	87	39	34	16	15	20	20	108	64	43	31	47	19	15	27	25	9	10	57	20	52	12	21	34	27	36	27	16	11	27	74	54	14	62	14	64	40	21	32	14	26	62	46	21	47	13	27	26	71	58	34	56	20	58	65	8	16	48	42	16	19	21	26	30	76	18	65	24	31	24	16	16	13	89	8	39	14	11	40	37	28	57	38	76
74	17	26	116	14	15	18	8	15	25	25	12	18	20	44	52	18	16	23	7	17	16	16	15	20	16	14	24	40	31	10	15	10	47	24	66	14	21	19	23	37	70	35	32	14	78	82	23	29	20	32	22	20	19	15	7	14	57	51	45	39	39	43	7	27	18	19	74	79	42	19	14	51	93	47	50	93	39	33	24	20	41	70	91	50	47	23	79	22	12	92	43	21	32	39	85	53	69	60	93	32	65	68	69	92	16	71	24	24	69	81	102	63	35	61	128	91	52	28	13	35	41	108	111	65	49	84	13	27	33	41	14	14	54	55	81	21	35	54	56	44	37	25	20	40	122	79	46	47	19	96	86	25	27	32	51	71	88	28	78	24	65	35	123	74	37	73	39	95	98	18	28	92	59	42	31	31	52	61	122	22	68	34	51	36	29	21	32	155	31	77	18	47	106	89	34	77	78	143
75	24	18	95	14	16	20	15	18	35	20	21	33	18	25	47	11	18	33	16	15	14	18	14	18	24	10	19	43	29	13	11	4	46	27	66	17	39	13	25	46	68	25	42	15	85	66	19	28	16	22	7	23	23	13	9	16	51	70	44	57	23	24	10	26	22	27	85	94	22	21	14	67	77	51	63	90	38	48	23	18	43	60	87	52	48	25	75	25	14	87	45	22	51	28	67	40	74	63	76	35	45	56	62	70	34	62	38	25	61	97	100	85	50	80	159	72	66	18	18	45	46	119	114	78	46	72	19	25	48	35	19	6	62	35	67	24	28	48	71	45	32	29	18	39	153	90	27	54	15	100	98	19	29	31	46	73	81	38	88	22	51	39	131	75	30	66	38	104	112	19	32	86	70	41	28	37	65	59	109	30	87	31	72	32	26	24	30	133	21	64	38	29	98	93	32	85	74	151
76	18	33	146	28	32	32	19	36	40	76	21	36	19	71	99	34	22	46	13	18	11	23	28	17	35	25	26	71	31	18	18	23	70	35	101	30	42	45	40	38	85	28	55	20	133	107	29	35	27	46	40	29	27	20	17	24	60	89	74	81	38	57	14	47	35	29	104	138	52	33	19	43	113	58	65	163	76	68	44	18	71	90	150	87	82	49	148	32	24	106	80	44	57	52	83	67	141	86	150	42	55	91	108	125	37	126	58	43	113	114	137	93	53	51	199	114	92	34	24	71	71	379	178	91	79	114	19	35	41	57	28	10	121	71	105	28	67	67	91	63	63	23	26	76	227	172	56	90	21	181	138	60	57	47	83	101	129	61	131	26	102	46	193	148	41	118	50	153	156	16	40	132	87	47	42	54	71	72	169	43	331	60	101	52	37	28	41	227	23	95	49	47	131	88	35	138	93	192
77	17	23	112	23	15	11	12	14	19	44	6	37	18	31	58	17	14	39	13	8	15	12	14	9	26	16	27	39	20	14	12	16	46	24	55	7	11	14	13	33	51	22	47	9	65	77	10	17	14	24	25	12	16	10	11	18	42	47	45	42	42	44	18	24	16	27	69	103	30	11	19	48	71	44	41	102	44	40	25	9	38	80	86	48	57	13	82	22	15	93	46	28	32	27	58	40	99	54	83	29	48	57	79	95	20	67	46	28	45	65	86	76	42	76	158	95	53	23	20	40	47	244	135	90	51	64	18	30	34	36	12	12	72	57	74	12	21	52	70	37	38	20	6	67	112	88	29	55	22	107	106	36	27	29	47	76	77	25	62	30	50	31	116	93	19	80	39	111	100	12	21	99	54	34	15	35	57	73	128	23	155	65	44	35	21	21	24	159	22	70	32	32	76	62	26	75	85	119
78	21	19	68	18	21	27	14	16	20	36	14	24	10	42	58	15	19	35	15	12	8	11	22	13	17	14	19	47	22	5	11	4	38	32	40	15	27	19	16	25	51	21	41	16	79	78	13	26	8	25	17	15	21	13	12	9	48	40	29	45	26	33	7	25	21	21	55	68	34	32	12	58	61	37	34	79	30	38	32	7	39	52	59	41	53	14	87	22	15	66	45	25	36	25	59	37	57	39	78	24	45	45	56	65	18	51	28	31	53	63	76	56	27	103	104	65	53	18	10	31	44	215	119	61	45	58	23	28	34	39	12	11	66	27	78	18	26	34	55	54	30	21	10	41	105	80	37	47	13	78	53	23	29	39	38	56	73	36	70	16	51	20	98	121	35	60	26	90	69	17	23	65	40	37	18	23	56	44	90	28	94	33	62	36	16	16	25	98	28	51	40	36	77	74	33	77	40	126
79	31	29	140	41	36	30	20	30	43	84	11	51	17	71	110	35	16	43	17	28	12	29	18	24	45	19	29	79	33	27	27	16	76	46	104	25	31	26	27	51	105	52	55	23	120	108	24	30	28	41	32	40	34	17	13	16	81	87	51	85	50	71	22	46	24	30	99	133	46	39	17	79	133	62	66	165	67	54	35	18	70	102	116	68	58	32	143	31	26	130	80	51	65	53	88	59	143	70	144	47	75	98	111	107	44	127	58	43	106	112	174	120	59	82	233	124	87	26	22	55	83	380	202	100	84	115	24	41	65	71	38	18	100	75	126	17	44	83	98	83	67	36	24	84	196	145	59	80	30	173	129	55	60	60	89	111	103	85	103	35	89	48	197	179	53	105	51	150	150	26	36	135	114	43	57	48	83	77	194	55	242	56	87	46	26	30	43	261	33	94	63	49	141	91	46	122	115	214
80	9	7	37	5	6	17	3	5	7	89	5	8	5	12	23	13	5	16	2	4	3	5	5	10	16	8	10	23	18	9	3	2	18	12	39	8	16	7	11	19	28	9	20	8	43	37	11	6	4	32	12	5	6	4	8	3	19	30	18	23	12	10	4	10	11	11	46	53	11	11	3	64	43	32	23	57	13	23	5	5	19	45	74	36	25	14	25	8	4	31	18	8	15	16	20	14	42	25	34	10	25	32	33	33	9	32	21	12	49	43	69	25	13	24	93	43	46	3	8	10	18	196	73	40	31	46	6	9	14	19	5	3	35	18	34	7	16	20	41	18	18	13	7	31	54	39	14	31	8	29	48	13	32	17	16	28	30	24	37	9	32	15	71	37	18	45	25	27	53	7	8	41	28	21	17	22	27	19	67	4	56	52	24	12	6	11	13	81	8	25	19	13	45	36	31	30	40	74
81	8	10	29	3	6	10	2	3	15	4	10	4	3	6	16	8	5	19	1	2	4	7	1	2	8	7	4	21	3	3	0	5	10	8	30	4	27	4	7	10	18	21	10	7	25	13	6	8	5	28	5	10	5	2	4	4	8	25	13	15	6	8	2	10	8	9	23	28	10	4	9	36	22	12	17	24	9	6	7	4	13	11	28	20	15	19	35	3	4	44	11	4	14	6	11	12	39	21	23	4	12	20	15	20	4	12	7	7	10	13	28	16	15	36	35	21	13	7	1	14	10	64	26	20	14	13	4	4	4	10	4	3	14	15	17	4	12	13	22	9	5	6	3	14	39	28	27	27	5	21	35	11	7	7	26	18	27	11	20	4	15	11	34	29	13	20	10	27	29	3	3	29	14	17	9	12	10	15	30	6	46	25	12	5	6	3	20	53	4	19	16	8	27	24	3	15	20	43
82	15	16	71	13	14	12	9	18	20	48	9	18	11	26	27	9	7	19	13	5	5	9	16	8	14	11	5	49	17	8	8	5	25	13	40	11	11	9	10	15	34	14	34	5	41	52	14	12	8	25	11	15	17	4	8	6	34	45	29	26	13	31	9	13	9	9	43	50	27	9	9	87	68	15	30	67	29	22	34	9	27	47	72	23	29	19	48	17	7	49	18	15	25	18	36	30	47	33	47	11	30	30	30	56	15	35	18	17	43	32	62	54	26	28	115	39	51	17	10	19	28	71	80	49	25	47	13	22	20	32	13	2	40	33	49	3	16	37	36	27	23	17	9	35	108	73	23	42	8	54	58	22	18	22	30	55	39	7	38	12	44	28	82	58	20	46	22	68	52	14	11	48	45	21	28	17	39	44	96	15	63	24	28	22	12	14	12	100	7	38	16	25	61	54	18	35	52	109
83	9	9	46	8	11	7	6	9	7	57	2	14	9	19	39	7	15	27	4	3	3	6	5	6	16	10	17	21	11	5	7	6	29	19	33	6	23	9	13	17	38	7	26	6	57	55	8	9	4	20	9	9	8	8	6	8	16	29	25	14	15	16	5	15	14	12	31	48	13	9	2	51	49	27	20	57	21	16	8	8	19	32	53	16	31	11	36	9	3	47	22	9	19	24	20	17	44	25	37	15	18	29	75	56	19	34	14	7	27	33	74	29	22	37	81	34	31	12	9	18	23	509	59	32	35	32	4	10	17	13	12	1	46	19	34	12	17	31	109	27	14	12	8	22	56	47	18	15	11	43	59	17	22	12	31	52	35	13	29	14	40	15	66	48	12	35	18	63	40	9	11	45	33	13	13	11	35	34	62	11	80	34	38	16	7	5	42	70	7	30	13	8	47	43	23	36	51	82
84	3	6	37	12	4	6	2	3	12	88	2	17	7	16	20	7	6	15	0	1	1	2	6	5	6	3	9	22	6	2	5	6	39	10	33	4	9	8	2	4	28	6	7	5	41	29	9	4	3	32	10	9	8	2	6	4	20	36	16	17	7	8	5	12	9	8	31	28	13	3	5	85	37	21	19	34	19	18	6	3	17	30	37	9	15	7	21	10	9	30	11	8	13	14	21	16	42	21	26	8	18	29	9	48	6	31	9	10	24	24	47	36	7	9	41	28	32	8	5	8	11	138	49	20	14	43	7	6	11	14	4	2	19	11	34	9	7	25	29	13	13	1	8	10	47	52	7	40	12	28	42	10	12	13	31	18	36	13	26	13	25	10	48	32	6	28	6	26	46	4	13	33	26	2	13	13	26	17	58	7	65	21	17	12	2	6	8	83	3	23	8	5	49	41	20	33	21	70
85	8	12	54	9	8	7	8	6	19	28	10	13	12	20	23	13	7	13	4	5	4	9	7	6	14	4	10	31	14	5	3	9	33	16	41	3	10	13	4	12	33	10	39	6	49	49	17	10	4	69	6	14	6	2	2	6	15	28	22	25	15	27	6	14	7	7	49	35	15	7	12	44	43	31	21	63	21	21	15	5	26	41	46	25	20	9	39	23	3	62	29	12	14	17	35	18	61	41	32	6	23	40	44	42	9	30	11	8	46	33	42	28	8	30	94	42	37	15	10	21	22	213	63	39	46	33	9	13	17	12	8	5	24	24	43	9	13	22	61	33	16	11	14	24	64	57	20	37	9	51	43	9	13	13	29	42	37	17	52	9	29	24	110	41	18	54	13	60	70	6	14	41	38	16	12	19	36	33	64	16	45	19	31	21	11	15	27	109	3	34	18	11	52	61	15	28	24	73
86	10	20	89	4	7	18	8	14	13	54	13	18	7	38	29	15	1	23	5	9	8	9	4	12	22	3	16	30	6	7	8	4	27	15	43	8	13	8	16	31	62	17	28	6	95	61	7	22	10	46	15	8	12	9	9	5	26	42	23	31	16	19	9	12	11	10	71	54	19	18	5	31	72	51	41	76	26	38	19	5	25	66	61	27	22	21	50	17	11	53	23	13	17	27	29	30	76	51	55	11	48	38	40	58	11	48	18	22	55	65	65	56	17	49	144	51	77	9	9	29	38	177	82	59	38	61	13	19	19	17	8	10	66	41	56	12	29	39	67	34	29	6	12	31	120	86	18	48	15	75	58	16	15	24	29	69	59	34	94	19	45	32	112	62	23	63	20	93	76	11	24	76	48	21	16	22	39	38	110	14	89	19	39	20	14	14	22	126	15	57	13	18	71	86	25	44	54	108
87	22	8	86	10	8	21	12	14	7	21	10	15	17	22	22	10	11	23	4	4	8	12	2	11	13	12	15	51	17	10	5	8	30	21	51	5	22	12	9	22	50	16	41	8	169	71	13	13	17	26	18	6	15	6	8	8	49	44	20	34	24	8	12	8	18	21	62	116	27	11	7	57	71	72	33	99	34	37	16	10	50	73	157	34	32	17	68	17	20	61	29	8	38	43	40	35	89	66	62	36	52	53	278	73	17	62	24	27	49	69	103	49	19	48	159	61	53	14	7	40	23	2985	102	125	50	75	13	20	27	21	10	10	53	28	47	6	18	47	644	29	31	13	10	24	112	71	30	66	14	100	94	34	25	26	49	68	73	15	76	17	33	39	147	102	33	103	14	94	79	13	21	71	43	16	23	18	51	104	152	37	72	28	90	35	14	14	165	243	13	63	30	23	67	93	21	48	46	160
88	4	8	43	8	5	7	5	7	6	19	8	5	0	12	17	10	6	11	7	4	3	1	3	2	6	3	5	27	10	5	4	2	21	9	27	1	13	3	5	13	18	8	11	3	55	28	13	8	8	41	7	2	5	2	4	5	21	21	10	16	10	5	2	11	8	5	38	24	25	7	4	11	34	15	17	40	25	15	8	7	19	32	33	12	19	9	24	5	5	41	9	5	11	16	17	14	32	31	24	9	21	14	22	38	4	27	6	6	26	39	37	25	6	22	58	21	19	6	3	16	18	100	50	31	19	46	5	7	20	10	11	4	18	19	33	5	11	20	23	11	12	4	4	17	51	27	6	21	4	30	29	19	7	16	16	41	32	35	25	4	30	9	45	49	11	35	13	28	71	5	8	48	23	9	10	5	22	43	59	5	44	16	10	11	5	5	8	55	7	24	13	5	22	42	11	23	24	60
89	1	2	26	4	4	5	5	3	3	45	3	5	9	13	16	2	0	14	1	3	1	4	0	1	5	3	1	10	1	4	1	4	9	3	13	0	5	0	3	2	20	4	18	3	28	22	7	3	2	39	1	2	6	3	3	4	8	14	4	13	7	5	2	4	2	3	23	22	6	17	11	70	25	15	9	13	13	9	2	3	10	18	15	8	10	10	15	2	5	14	14	6	9	5	14	9	18	20	17	3	7	12	22	19	5	14	8	7	17	34	26	25	11	3	35	16	16	2	1	7	3	59	24	26	4	12	3	4	6	7	4	0	7	9	17	4	3	19	17	7	7	5	4	6	35	33	5	8	6	15	36	4	7	12	7	30	19	7	15	1	15	5	22	12	3	18	6	21	40	4	15	18	16	5	4	16	15	12	23	8	31	39	14	9	8	4	6	29	2	23	5	4	24	31	14	18	15	24
90	11	12	85	11	10	9	3	10	12	29	5	16	15	24	33	7	9	26	8	9	14	5	6	4	12	7	11	44	18	6	8	8	33	15	55	7	22	10	15	31	46	12	44	11	71	79	18	25	14	34	13	12	6	2	9	8	24	46	30	33	13	16	11	20	9	9	61	73	12	13	10	32	53	39	40	82	30	30	19	12	36	67	72	26	22	12	59	9	9	63	24	10	28	35	44	37	70	53	64	17	51	30	37	72	9	63	25	19	42	54	81	28	23	52	137	51	46	15	17	22	38	67	88	69	25	49	14	13	21	24	3	4	40	33	59	12	16	35	25	26	28	13	10	31	96	88	19	36	11	67	65	21	23	22	48	67	47	28	67	11	43	40	99	78	22	64	18	96	98	10	22	58	62	22	13	7	43	36	105	15	44	39	34	16	9	14	21	115	13	44	17	10	53	70	14	51	62	86
91	2	3	48	6	5	10	2	2	6	16	2	10	2	13	12	11	6	11	2	0	5	4	10	6	5	6	9	23	12	0	2	5	9	11	34	4	16	5	5	8	29	7	22	8	57	26	9	4	1	30	9	4	7	2	5	5	21	21	12	16	8	10	5	9	8	12	60	43	10	6	4	18	28	37	20	67	31	29	7	5	18	37	51	17	17	8	37	8	7	39	14	11	23	28	35	21	54	25	29	11	32	23	71	50	4	54	6	10	29	46	66	21	8	35	105	32	31	10	3	21	14	680	48	42	13	46	8	18	22	11	8	4	23	15	27	7	16	20	138	10	7	7	10	17	71	46	22	33	9	53	66	15	12	15	27	36	17	26	49	8	23	13	73	56	18	34	21	57	42	4	8	40	40	10	12	18	48	26	76	9	52	26	37	15	12	4	40	119	7	28	12	9	47	48	12	15	33	96
92	6	14	73	9	14	21	9	9	15	23	6	21	8	21	60	14	13	19	6	8	4	4	6	3	13	3	17	40	14	18	2	6	35	12	42	3	21	17	10	13	40	20	19	17	82	51	14	14	6	26	27	14	9	4	6	10	34	38	33	30	20	24	11	13	17	10	68	65	28	17	12	45	89	36	33	85	32	32	18	10	29	61	83	47	34	22	78	22	10	53	48	9	35	29	39	40	77	49	62	9	33	32	49	55	21	60	20	28	62	50	85	43	25	63	136	59	43	13	12	42	39	363	96	65	31	57	8	16	29	27	18	7	63	28	60	8	28	58	73	29	21	10	19	26	128	102	22	43	22	90	99	29	29	25	41	65	66	20	63	14	35	16	129	96	33	70	16	60	68	5	25	79	45	14	23	34	33	26	104	20	139	24	44	20	21	16	24	148	23	60	35	33	86	63	42	47	55	120
93	9	10	72	13	13	10	15	9	9	34	5	10	8	26	32	13	11	18	2	7	5	6	10	7	20	8	17	23	12	14	12	7	30	14	33	6	28	15	18	22	57	11	22	7	45	48	25	10	5	21	13	8	10	7	1	1	39	43	24	30	11	17	11	10	10	16	55	55	16	14	7	79	48	22	44	62	22	17	11	7	18	39	47	28	27	18	67	19	9	48	25	10	39	20	39	21	54	39	56	21	32	43	42	59	17	62	12	15	45	47	58	37	26	36	92	52	47	13	4	26	27	137	68	40	34	34	10	26	24	22	9	6	44	30	53	6	21	26	62	27	18	19	16	27	69	67	20	26	6	51	45	24	19	15	32	40	64	30	35	11	43	17	75	54	31	60	18	59	48	8	27	59	34	14	20	22	44	37	81	14	77	24	36	16	11	14	22	115	11	51	20	22	55	46	17	39	44	94
94	16	15	97	17	12	14	4	17	19	63	1	13	13	28	43	7	12	21	7	4	10	13	5	11	18	6	8	38	14	14	8	9	45	15	44	7	16	22	15	16	43	12	36	20	83	61	12	12	5	67	11	12	12	7	6	11	43	54	24	28	18	28	9	12	20	11	68	69	27	17	7	24	75	29	40	80	27	43	25	12	31	43	81	27	46	12	74	17	11	74	30	17	34	20	34	24	85	46	75	16	46	37	52	61	21	49	26	16	39	58	86	44	26	30	111	49	54	10	12	33	32	173	78	54	34	53	9	22	28	25	9	2	48	41	60	14	16	38	58	34	25	10	10	31	114	69	30	38	6	70	74	18	23	31	41	63	56	18	63	16	36	25	95	63	23	63	20	84	66	8	13	80	57	24	15	11	49	24	101	17	118	51	36	27	21	16	27	112	14	63	21	25	72	53	23	49	46	100
95	13	31	119	38	20	50	16	28	31	185	20	33	23	54	108	36	22	81	16	23	13	7	21	12	40	20	25	69	20	21	18	10	55	36	86	20	28	31	34	32	79	33	51	24	136	98	26	49	14	89	24	29	32	10	12	22	75	76	59	72	35	45	11	51	46	20	119	160	35	30	15	126	134	65	43	130	43	55	51	18	81	97	153	86	78	25	144	24	22	126	74	26	81	50	84	54	131	74	135	43	68	90	138	147	36	118	55	46	84	92	149	107	76	95	224	98	106	28	19	70	49	1140	177	96	81	106	18	41	61	59	24	13	103	49	121	20	48	72	229	63	55	30	14	68	185	132	57	88	30	147	133	59	39	40	77	96	113	53	118	35	79	37	183	160	58	145	46	162	142	16	39	114	89	34	48	54	76	67	178	46	239	67	108	43	26	34	66	295	24	82	58	40	88	126	39	111	90	234
