	0	1	2	3	4	5	6	7	8	9	10	11	12	13	14	15	16	17	18	19	20	21	22	23	24	25	26	27	28	29	30	31	32	33	34	35	36	37	38	39	40	41	42	43	44	45	46	47	48	49	50	51	52	53	54	55	56	57	58	59	60	61	62	63	64	65	66	67	68	69	70	71	72	73	74	75	76	77	78	79	80	81	82	83	84	85	86	87	88	89	90	91	92	93	94	95	96	97	98	99	100	101	102	103	104	105	106	107	108	109	110	111	112
0	236	96	59	322	121	205	238	128	170	103	278	279	167	130	91	128	177	151	73	130	195	145	111	66	199	144	162	99	143	380	150	70	177	287	99	237	135	39	408	422	117	287	200	94	43	118	310	177	138	332	97	328	103	81	331	315	174	260	152	128	99	186	94	144	115	112	150	247	236	123	244	196	173	35	129	296	109	61	102	83	83	452	161	149	323	251	147	290	142	185	57	136	174	112	298	185	139	179	119	137	116	71	371	191	129	78	328	118	319	189	52	204	221
1	245	117	34	323	88	150	237	114	161	71	217	270	139	141	54	125	118	125	55	152	171	140	85	48	173	102	105	60	199	379	164	58	114	287	66	208	109	26	329	398	123	198	109	100	32	105	360	193	100	181	86	233	121	50	221	314	142	231	156	94	93	120	70	122	123	105	125	210	190	83	159	153	144	15	125	267	81	49	79	104	55	355	127	95	231	222	128	192	105	163	25	114	85	89	250	154	71	128	79	101	58	85	262	215	115	73	282	79	253	137	48	143	187
2	21	9	6	34	11	12	28	10	25	13	30	38	11	23	10	23	13	18	14	18	41	21	11	9	23	8	8	12	22	26	23	8	12	22	4	18	18	2	38	66	12	47	13	10	7	23	51	15	15	25	7	58	13	3	25	40	16	34	19	21	8	22	9	10	22	19	31	18	26	20	27	21	61	2	9	33	20	10	4	26	6	41	16	14	46	28	8	29	14	41	3	13	18	6	39	15	10	15	24	6	15	15	27	13	15	10	43	26	21	35	8	17	16
3	201	78	24	296	89	136	215	100	134	62	224	170	153	113	55	130	123	131	76	109	152	130	94	49	156	93	67	100	153	344	145	48	98	212	66	166	94	24	271	272	74	259	113	103	28	106	266	129	99	163	70	218	85	41	239	255	149	189	110	87	47	106	34	106	99	62	75	144	143	95	138	136	127	27	87	257	85	57	63	67	52	237	124	119	224	211	94	236	112	133	36	108	103	82	243	146	86	113	59	99	53	59	235	144	107	45	201	83	190	119	47	115	182
4	241	87	42	248	66	155	256	118	141	68	203	199	115	123	90	148	166	179	65	148	154	123	107	26	163	93	82	84	206	313	134	41	103	324	51	259	82	21	373	402	109	223	229	124	34	99	256	214	102	301	70	234	125	54	261	282	169	221	163	91	77	132	77	137	130	122	97	218	181	104	251	128	153	39	79	270	97	52	58	88	52	362	126	110	275	236	102	195	110	141	45	145	119	120	232	164	108	133	114	87	92	63	271	180	100	82	234	74	232	151	39	165	167
5	330	70	40	262	72	148	263	79	106	59	218	167	163	130	75	112	123	134	84	129	114	88	56	53	155	84	106	59	174	378	128	36	122	274	69	188	59	27	515	377	124	219	59	117	30	98	234	228	121	288	59	257	100	50	281	455	152	233	170	84	77	154	40	130	132	121	115	151	194	123	233	150	107	17	111	310	75	50	57	67	38	348	134	132	247	259	108	183	80	145	36	116	131	76	211	111	84	157	85	95	47	55	333	178	116	65	245	72	224	115	44	131	184
6	56	19	5	61	22	23	42	15	27	7	28	29	28	12	25	21	25	9	14	15	24	20	10	7	25	15	9	16	35	59	22	9	39	36	4	71	16	6	47	46	11	26	68	14	3	14	19	24	33	27	19	61	14	19	53	53	20	30	17	14	9	16	13	15	10	10	32	39	22	23	39	14	22	4	9	45	13	9	9	5	17	46	20	35	31	28	15	49	9	23	7	25	16	15	46	42	14	21	14	29	17	16	39	23	12	7	41	18	23	26	15	35	34
7	241	81	28	392	64	115	143	84	98	49	153	144	125	113	46	107	85	127	56	190	128	137	69	42	126	59	100	75	150	430	154	51	111	326	77	162	74	22	311	385	98	212	121	80	48	85	469	296	115	266	46	180	108	29	206	356	142	255	151	102	34	132	71	95	107	81	78	151	124	92	229	132	126	22	69	261	79	54	76	67	42	225	120	78	235	202	96	172	92	166	37	99	86	66	202	96	56	114	86	61	71	57	263	147	117	49	197	70	176	118	32	109	111
8	151	74	26	160	62	78	131	84	90	54	138	153	82	83	83	59	123	107	46	112	99	90	63	60	101	56	84	72	139	306	117	55	108	132	53	206	70	16	217	251	78	135	270	63	30	85	213	165	100	112	71	203	56	42	138	193	103	126	85	73	67	95	97	80	67	59	69	105	96	48	112	80	108	44	63	186	64	64	42	75	45	239	130	108	163	127	107	187	101	150	19	84	61	57	147	127	39	83	58	50	71	57	115	114	77	68	106	44	122	141	54	118	130
9	173	42	21	294	79	99	117	94	98	47	112	129	92	66	43	86	73	91	39	116	102	77	58	26	98	63	104	58	131	363	86	36	90	198	40	119	79	15	268	250	96	167	65	61	27	79	159	197	99	176	44	158	77	32	167	230	79	156	117	66	65	95	53	100	86	70	74	102	121	79	134	70	130	23	93	197	59	44	59	45	36	212	125	99	155	141	61	118	74	97	32	81	68	59	96	102	66	74	43	72	42	29	174	126	78	46	155	61	158	109	29	126	106
10	14	12	5	21	11	9	11	11	19	14	18	23	16	14	8	16	26	20	10	8	16	17	13	4	10	8	15	16	26	58	21	11	18	29	16	39	21	2	32	57	17	29	33	10	5	21	76	14	16	43	12	36	14	3	31	34	20	13	9	15	12	20	12	30	17	16	23	5	34	4	33	8	16	7	9	29	6	17	1	11	14	47	12	17	34	20	18	24	24	21	6	28	14	10	21	22	23	20	14	12	10	10	26	22	6	9	29	16	26	28	11	12	7
11	157	52	23	190	56	100	145	73	74	51	153	152	83	76	34	91	95	112	46	92	91	81	54	31	103	60	82	37	117	323	99	27	81	118	44	151	63	18	240	261	66	181	219	67	26	70	164	150	86	149	60	156	47	32	124	257	71	162	101	60	35	100	63	64	66	88	67	121	100	74	99	90	64	25	78	169	64	32	46	56	29	208	120	70	189	133	79	186	71	91	21	131	77	63	167	99	45	100	54	57	58	54	174	129	65	63	198	55	140	100	42	112	133
12	184	86	41	383	126	188	165	125	99	93	241	152	97	103	59	121	122	112	123	241	124	112	62	43	171	88	128	75	144	348	106	47	172	228	55	207	125	37	252	288	73	301	253	110	32	133	266	109	121	218	56	179	81	52	248	234	145	206	118	79	125	558	99	141	110	107	152	178	174	92	236	154	137	43	93	218	96	68	102	95	73	288	158	99	177	155	123	204	111	176	44	151	101	74	178	160	85	97	87	102	111	68	260	156	85	77	211	92	223	145	44	168	189
13	205	72	39	239	106	146	166	111	84	72	202	197	137	80	59	115	130	124	60	223	128	134	97	46	152	81	91	75	179	330	113	38	169	237	47	195	77	20	334	246	118	191	218	113	39	91	210	142	106	200	80	217	88	59	215	338	137	178	157	90	86	226	72	105	98	84	117	189	138	121	239	132	129	31	106	177	86	60	62	90	50	271	124	101	222	250	102	157	109	153	35	130	95	58	195	156	66	165	96	104	86	49	278	192	110	59	204	73	198	106	31	114	144
14	31	15	10	35	8	27	13	11	16	12	32	51	9	13	10	18	22	18	37	18	8	24	12	5	18	20	30	14	27	41	23	9	28	14	8	31	26	2	33	22	25	40	42	12	7	10	27	25	18	28	14	24	9	15	53	37	28	17	10	8	19	97	24	8	17	13	26	28	33	32	31	21	25	6	7	26	9	14	23	16	10	42	21	11	25	34	27	34	14	34	7	16	22	19	45	42	19	14	14	22	14	4	42	15	12	5	44	12	17	23	7	23	36
15	207	88	58	339	101	124	161	114	198	68	201	186	144	100	96	115	141	137	141	196	154	105	82	55	130	85	149	85	131	398	113	75	121	224	78	237	89	36	347	388	98	273	467	110	54	96	335	191	140	202	92	174	100	74	207	285	159	203	152	80	96	276	107	115	117	93	128	223	211	111	267	150	143	45	100	237	90	85	93	98	54	372	193	135	177	232	144	236	132	205	56	153	82	94	243	188	85	118	84	90	145	83	284	189	101	74	311	86	197	166	58	134	158
16	193	51	25	125	50	156	138	89	91	79	112	226	123	72	59	76	70	94	48	87	93	71	76	17	124	87	59	46	110	168	104	47	149	234	40	214	101	20	235	244	116	146	62	72	16	60	123	139	110	272	75	179	103	24	198	309	121	197	91	110	62	190	34	87	88	67	92	146	187	75	177	79	85	14	44	193	62	24	44	60	40	323	70	78	157	155	91	172	77	118	45	87	79	48	194	79	86	125	110	56	47	36	251	136	69	44	184	51	186	71	14	84	94
17	104	22	15	79	33	99	91	35	39	38	75	130	36	69	16	27	46	49	24	61	66	53	35	15	64	53	54	36	63	109	63	24	91	130	10	97	67	6	201	90	62	86	37	45	14	55	123	78	78	136	39	105	47	22	137	205	73	112	57	44	34	151	64	59	55	62	48	76	80	47	84	40	67	15	33	103	42	14	36	37	30	147	60	48	90	69	53	100	45	95	29	55	42	38	106	33	43	53	51	41	19	45	102	67	50	26	179	24	134	64	9	37	71
18	16	15	2	20	15	28	23	7	15	15	19	55	10	5	6	16	10	13	11	15	17	13	6	2	7	19	21	13	9	16	10	3	37	16	15	43	12	7	16	38	7	18	11	14	2	13	21	17	9	42	17	25	10	4	28	24	13	38	5	13	11	33	27	17	3	8	17	15	25	10	50	8	20	6	6	23	3	8	6	12	6	58	7	26	34	8	21	41	23	10	2	9	19	12	31	9	10	24	26	5	8	2	23	16	10	4	41	14	18	20	4	7	23
19	199	51	19	150	64	127	181	113	79	41	143	177	106	87	61	67	68	89	42	91	119	95	86	39	111	101	103	56	106	164	95	39	141	199	50	200	80	17	277	206	72	156	75	97	19	63	245	115	112	258	100	223	82	25	208	344	72	197	98	79	74	221	48	106	99	105	138	129	149	89	164	65	100	14	67	176	71	41	23	61	39	239	77	79	153	144	134	170	81	126	28	74	89	37	204	70	96	141	121	58	47	35	226	153	77	54	195	40	152	99	18	81	118
20	173	27	10	87	48	107	106	69	68	33	62	133	90	57	35	45	74	86	36	66	71	72	31	17	108	62	43	32	122	105	97	20	101	161	25	132	52	7	200	168	68	101	60	51	10	43	84	91	113	231	51	154	95	18	151	202	51	126	80	61	48	168	34	59	65	84	48	100	126	74	160	63	58	7	63	132	64	24	32	31	32	212	84	52	142	109	67	131	53	102	21	69	85	33	140	45	60	95	108	71	28	19	224	90	65	23	149	30	126	58	22	79	79
21	122	39	16	150	37	99	135	68	69	53	150	194	69	61	36	52	88	81	51	50	83	90	48	27	113	66	60	55	113	98	77	33	113	160	35	158	99	15	185	177	73	129	62	85	9	66	112	108	83	212	54	167	74	23	152	261	62	153	81	106	55	160	24	69	89	58	65	94	132	66	121	63	91	14	46	159	46	34	27	45	23	236	94	70	133	108	98	157	68	113	23	62	71	35	179	54	68	87	90	64	29	43	181	100	56	38	162	41	115	80	35	60	122
22	23	3	6	40	5	23	34	13	7	9	13	41	14	12	12	13	20	14	11	18	15	16	15	5	12	23	18	17	16	14	17	7	43	19	3	46	24	1	38	26	15	31	28	11	2	41	29	19	24	55	12	38	15	10	39	35	11	25	11	27	7	33	8	16	14	15	42	11	15	11	27	10	14	4	6	23	14	14	8	10	10	35	16	16	41	13	10	27	15	19	3	15	25	2	35	9	12	31	20	10	13	4	47	21	14	7	41	3	23	20	11	5	17
23	211	50	21	184	54	159	192	95	70	52	159	190	106	77	66	81	104	106	65	98	80	100	52	26	118	77	68	47	138	179	89	37	139	195	37	165	91	27	264	277	73	149	66	82	23	58	255	148	132	312	54	189	91	40	229	255	92	167	123	124	47	207	37	72	70	108	62	138	165	102	211	100	99	12	64	189	74	60	44	66	56	275	93	88	154	174	99	166	91	105	39	96	98	56	196	79	79	125	129	84	76	33	266	139	74	65	212	60	184	107	22	92	123
24	94	19	8	71	35	61	121	49	49	37	49	95	49	55	27	47	35	46	17	37	57	45	21	6	77	51	48	20	84	49	63	15	54	137	13	109	35	11	158	130	53	75	33	55	11	21	93	74	44	166	34	118	42	16	108	178	43	114	70	38	25	125	13	45	46	46	31	87	120	59	73	37	41	2	13	106	37	20	27	32	27	143	58	36	74	75	46	85	41	52	11	33	48	47	86	50	48	44	60	45	24	7	142	61	29	16	117	26	87	54	11	52	52
25	139	20	9	97	24	60	63	38	28	17	71	107	56	24	34	54	50	48	24	73	47	33	35	9	71	40	67	14	54	115	41	13	62	88	27	102	43	4	165	113	31	60	26	44	13	46	93	114	49	153	27	92	44	13	68	176	46	81	56	31	31	103	19	44	29	45	57	37	72	37	95	33	35	9	37	152	49	18	33	30	20	117	33	41	75	107	34	82	37	53	12	27	39	32	76	49	28	58	34	31	30	12	139	72	39	13	113	30	112	17	28	38	48
26	20	2	2	5	13	17	14	24	7	7	12	35	10	14	5	10	9	14	12	13	20	9	7	5	17	8	4	9	14	18	12	6	20	29	4	23	7	0	37	27	9	29	8	15	4	9	28	19	10	39	11	28	27	2	27	37	3	22	16	8	6	30	13	7	10	16	17	9	16	4	23	7	5	2	20	37	3	4	5	13	13	27	17	28	23	22	23	55	5	13	5	11	12	5	27	4	18	14	20	6	6	8	47	19	10	2	32	14	21	16	7	14	9
27	140	37	17	94	44	87	124	56	55	38	71	142	72	49	46	63	63	64	37	93	83	54	47	26	64	56	54	21	85	123	69	31	108	121	36	118	65	9	211	143	41	139	30	65	11	64	68	108	81	208	33	149	77	26	148	272	46	146	71	59	37	146	27	64	68	64	59	105	103	48	125	50	58	5	35	159	42	10	16	63	26	173	53	64	86	95	88	85	58	81	18	43	57	30	119	31	60	82	89	54	33	22	164	92	54	33	177	49	157	54	21	83	63
28	265	97	18	375	91	257	151	277	94	99	219	161	112	64	86	76	171	118	479	553	162	123	36	37	257	118	128	44	130	180	100	51	278	324	49	206	137	17	253	246	66	323	104	118	45	74	440	193	109	401	95	171	117	36	315	333	129	188	197	166	176	2165	109	127	149	189	282	307	213	172	620	101	77	5	91	158	123	83	144	96	88	271	165	162	124	240	70	224	77	267	59	158	110	40	261	140	68	325	143	139	111	55	454	135	82	68	326	51	228	176	75	199	288
29	182	41	28	222	84	179	141	94	97	48	112	164	110	74	65	65	74	93	71	167	83	115	46	24	152	93	66	33	144	151	83	26	155	231	43	173	112	21	245	194	93	165	63	91	17	86	247	102	95	312	81	193	71	29	270	369	92	191	102	105	98	253	41	69	76	82	126	130	138	94	261	97	80	5	49	222	88	21	62	80	40	234	107	65	119	130	99	110	83	125	42	79	113	42	153	96	108	117	118	94	57	52	265	145	86	47	198	41	168	100	27	98	139
30	24	14	5	14	8	26	12	13	6	16	22	33	13	10	9	12	4	7	5	16	15	7	8	4	17	17	8	15	14	15	11	8	32	32	4	36	19	1	35	23	6	9	12	10	4	19	31	19	11	57	9	29	8	4	36	42	10	34	2	16	1	101	10	12	11	14	16	10	26	11	28	9	20	3	6	27	4	11	25	13	10	31	15	18	7	21	18	24	11	11	7	12	18	13	22	13	10	16	17	8	6	11	26	28	6	4	65	13	17	10	4	15	40
31	325	120	41	462	117	279	216	269	121	137	284	277	158	103	97	129	164	189	414	802	160	204	95	58	293	169	199	89	218	310	164	68	422	466	78	358	182	32	422	351	103	260	112	172	57	117	710	338	183	491	124	309	176	67	428	505	216	360	299	244	212	2026	118	216	195	211	374	441	273	264	715	163	117	20	134	262	187	93	192	132	101	376	244	178	197	323	190	241	126	336	86	163	183	60	349	247	133	299	229	245	179	72	617	200	117	79	467	102	351	254	88	235	331
32	179	106	43	244	109	175	159	111	187	97	261	225	110	96	105	108	142	138	97	135	123	193	69	66	155	137	184	129	135	248	103	109	179	212	91	242	137	38	226	274	151	229	123	124	47	114	318	125	174	280	117	183	105	80	247	317	129	196	138	146	147	222	98	114	129	98	157	165	137	112	278	99	150	52	75	225	110	109	101	124	101	368	93	164	197	175	180	215	170	193	62	118	94	75	193	168	124	176	114	114	140	88	290	196	148	89	244	97	232	183	49	147	128
33	120	46	28	142	37	110	97	96	92	54	145	75	102	47	60	78	91	64	45	58	82	78	43	38	95	49	98	54	106	106	66	46	98	119	57	148	84	23	218	140	57	142	56	83	22	57	168	115	96	169	54	133	62	30	158	202	57	141	87	64	99	102	42	77	64	68	72	99	98	79	128	65	61	21	79	161	55	45	53	66	44	150	64	89	92	90	89	118	61	82	44	49	89	40	109	84	67	127	63	73	66	57	136	84	54	83	142	64	114	91	39	85	89
34	194	375	208	250	259	216	115	168	220	206	560	246	156	142	265	190	139	118	163	320	145	239	159	148	205	387	297	353	186	256	161	182	315	222	220	390	177	54	235	216	130	342	215	98	75	289	816	148	127	201	187	236	108	204	245	217	174	271	149	119	150	367	333	168	208	103	248	153	138	129	322	131	262	128	86	162	205	226	224	141	199	319	96	168	188	195	288	185	200	182	163	86	186	108	265	357	128	199	151	135	386	224	214	566	189	160	283	142	224	366	136	107	175
35	140	92	40	214	88	149	121	76	131	77	190	156	97	71	92	99	104	137	70	101	102	127	105	50	91	79	123	100	108	181	123	53	147	183	55	175	90	38	230	187	102	169	93	98	21	117	266	120	87	238	75	234	100	66	210	245	82	156	96	96	82	157	103	78	100	77	140	119	104	94	141	84	140	37	85	213	56	80	87	113	73	286	85	105	185	162	97	154	101	132	44	132	107	90	217	174	94	122	76	80	108	67	253	164	93	74	183	90	171	163	49	99	130
36	168	65	26	118	84	128	175	87	133	51	152	120	92	46	85	80	83	99	60	88	86	143	68	44	134	81	98	61	119	220	72	61	117	133	36	143	101	26	236	208	92	159	89	85	26	86	273	89	79	209	45	171	86	52	217	262	96	150	104	57	106	211	72	90	82	90	95	125	90	92	165	81	122	28	73	194	63	59	77	76	57	241	80	89	147	145	150	147	79	116	35	86	64	72	177	142	71	133	70	53	101	62	152	136	120	57	165	80	162	89	52	105	96
37	247	83	22	348	75	98	143	91	95	73	131	119	91	82	60	100	91	91	73	200	86	82	57	41	107	71	96	82	128	321	104	45	118	313	74	152	83	26	385	285	85	201	101	106	34	65	238	273	105	272	60	150	86	37	224	340	95	209	154	80	78	166	81	93	93	90	82	83	129	124	225	103	83	22	93	155	44	65	82	49	44	190	81	75	163	166	110	131	90	158	38	110	80	74	179	105	83	132	64	78	79	60	250	109	69	56	206	84	182	124	42	100	105
38	123	242	101	195	154	170	134	146	193	149	294	206	74	83	148	199	189	81	100	149	130	277	131	105	121	227	188	206	175	161	111	166	252	155	97	342	178	73	196	154	149	291	152	102	71	167	590	156	122	191	197	208	55	218	197	181	130	240	168	84	150	235	201	120	114	81	177	123	106	113	203	61	238	85	71	176	98	109	160	117	105	263	76	142	143	198	186	164	112	117	83	89	108	69	193	236	107	261	56	117	197	86	182	166	150	86	183	130	195	277	89	127	133
39	252	106	28	298	89	143	143	116	151	78	227	185	140	121	89	106	96	144	50	178	139	138	86	48	174	112	111	117	143	312	129	88	207	405	86	232	107	35	412	293	122	211	67	125	35	105	295	239	119	284	95	251	96	51	303	390	128	269	173	122	139	162	67	139	97	132	145	138	232	154	244	115	176	35	115	258	89	87	83	87	85	389	101	109	160	201	158	203	119	151	73	123	133	82	249	145	97	153	125	93	130	81	288	159	147	96	269	88	170	163	69	183	181
40	171	56	39	126	70	134	138	80	112	59	175	138	70	71	52	58	65	83	66	92	99	126	46	28	95	74	89	78	87	207	86	39	109	147	45	176	78	23	292	193	99	173	90	88	30	82	310	126	103	198	82	138	72	29	172	276	69	105	111	83	69	147	74	87	87	100	50	86	100	75	130	57	108	30	56	144	69	81	59	62	44	247	85	64	115	138	116	101	124	138	47	81	87	61	166	106	60	126	54	51	92	56	240	119	71	64	150	69	139	92	50	90	77
41	153	91	18	173	61	91	142	86	118	83	94	123	78	59	54	56	76	62	67	91	57	71	56	29	99	67	85	68	107	186	88	68	104	199	49	179	85	25	249	168	86	126	70	56	22	53	188	102	71	208	60	111	63	53	174	163	82	159	111	77	64	131	78	89	59	63	75	116	96	56	169	59	75	25	61	143	53	59	65	41	35	217	59	77	97	150	83	103	71	115	46	76	48	50	115	92	75	132	74	59	97	40	202	124	70	51	159	54	102	85	49	63	97
42	199	231	120	206	100	192	103	205	169	142	235	132	155	54	179	203	119	87	126	233	109	135	103	109	96	207	192	158	157	173	152	116	219	107	146	320	178	105	231	118	100	214	223	82	75	160	668	119	76	143	145	252	89	181	200	191	122	171	94	84	105	250	178	125	107	124	201	104	100	71	310	88	164	57	131	192	119	120	116	185	132	304	65	107	144	146	166	179	144	81	106	80	98	69	207	225	80	179	81	86	228	146	162	216	122	68	151	193	146	216	100	89	144
43	109	59	19	179	67	119	122	73	98	66	126	153	97	44	65	67	95	61	61	87	75	102	47	36	89	84	114	60	79	160	90	60	132	164	33	140	100	14	261	114	89	113	80	69	32	75	250	121	64	133	68	125	52	38	141	187	74	126	55	53	76	120	70	75	83	63	84	98	83	82	126	57	76	24	53	143	75	37	61	76	42	233	39	80	121	133	113	102	67	63	39	78	69	61	115	91	51	82	64	57	75	39	153	91	104	37	126	64	137	76	37	72	83
44	199	202	81	498	209	232	131	273	175	110	264	181	130	57	142	161	156	111	301	718	177	191	45	66	221	100	182	96	176	318	111	140	170	218	101	210	102	69	353	280	170	275	115	131	60	167	595	196	141	272	103	197	91	156	266	253	130	262	217	118	243	1312	159	181	146	190	367	333	177	180	362	129	157	54	88	254	118	100	182	144	145	337	125	143	124	281	273	264	122	293	57	238	123	69	280	316	76	291	81	145	158	76	327	221	205	96	258	115	312	214	105	240	328
45	208	66	56	279	112	149	116	159	142	85	155	171	149	58	67	93	106	83	99	196	116	147	76	46	120	78	97	84	116	193	91	73	163	206	85	184	97	26	280	188	118	208	81	70	56	144	304	126	95	195	102	209	72	75	238	248	93	181	139	81	136	303	77	80	94	89	128	165	112	79	204	103	118	28	61	219	104	73	82	64	84	297	104	120	164	214	146	134	104	173	59	131	84	62	171	180	70	154	91	84	102	71	226	158	83	73	253	103	141	138	60	130	201
46	161	154	52	149	94	112	113	102	111	120	241	110	52	74	141	122	108	42	86	208	99	120	101	46	73	82	112	104	113	126	64	142	144	118	113	159	93	25	123	92	63	181	112	77	26	99	415	68	86	91	83	169	45	98	171	142	88	113	60	64	138	211	194	63	54	73	110	66	80	63	130	40	99	49	39	141	69	114	82	78	96	207	68	73	82	106	189	121	87	100	69	90	62	76	95	197	60	116	32	69	147	71	181	157	92	73	181	85	128	181	64	83	76
47	224	124	56	447	135	199	129	184	151	100	198	141	124	75	88	112	138	95	219	627	139	120	75	34	153	103	116	63	197	172	100	112	204	201	94	172	104	54	330	269	135	205	66	126	39	80	635	145	99	187	81	192	116	102	253	257	91	178	154	102	170	746	101	126	143	122	237	246	116	126	289	82	121	35	68	189	93	87	100	100	100	243	98	112	177	214	137	229	83	220	55	141	106	48	195	239	75	250	73	149	113	66	269	153	152	83	265	79	180	218	68	151	249
48	69	49	14	103	47	66	132	51	57	37	94	120	61	51	26	75	46	57	47	55	53	70	58	23	83	37	37	52	61	162	70	38	69	116	30	100	30	17	146	126	60	89	41	44	13	37	161	81	49	79	53	127	69	21	92	106	64	87	76	47	40	79	29	39	83	41	44	72	102	40	79	48	68	12	42	112	51	32	27	36	22	160	69	68	81	93	69	98	45	49	15	52	58	43	126	67	50	56	26	53	39	30	109	59	86	42	124	23	89	91	22	46	56
49	162	69	8	94	43	63	78	44	57	35	89	81	65	61	39	65	64	74	46	58	70	67	31	25	70	36	66	40	60	130	74	42	80	134	23	128	44	18	174	163	51	89	32	60	22	64	165	69	50	126	31	125	47	23	123	142	73	117	73	59	30	59	15	38	33	37	76	67	99	45	80	92	71	10	43	152	41	23	40	32	29	143	49	53	95	128	56	86	33	76	24	70	44	40	112	55	35	62	39	60	25	37	131	72	61	16	129	29	97	85	30	64	93
50	126	42	12	145	83	80	115	63	95	35	104	128	95	60	27	72	59	72	28	59	117	95	53	35	106	54	44	40	88	140	83	29	83	93	40	85	68	17	150	197	56	135	58	66	19	73	150	83	54	119	49	176	72	28	183	167	75	138	73	49	33	102	44	57	65	68	74	116	125	55	113	83	77	20	71	166	48	19	44	56	31	189	98	113	161	158	62	143	64	75	23	81	58	55	195	80	66	72	41	44	61	49	204	97	70	30	145	67	132	88	38	84	85
51	134	61	18	144	72	146	118	81	127	42	138	188	87	68	57	72	74	95	40	93	73	74	55	18	80	75	70	51	106	180	65	38	102	157	49	184	107	10	192	220	87	107	65	70	23	67	608	91	75	205	65	98	102	29	164	206	78	165	74	56	54	108	28	74	82	54	136	108	110	49	160	70	68	18	51	182	50	24	56	51	28	287	68	104	137	139	84	119	78	91	23	92	60	59	113	81	53	127	41	69	52	36	199	94	81	36	123	65	142	75	31	105	103
52	156	28	5	223	25	48	85	31	62	16	63	70	86	41	34	35	42	36	26	99	63	54	26	20	45	28	42	24	94	189	61	8	36	195	43	88	38	10	166	110	47	81	25	56	16	44	187	153	34	113	26	78	57	32	88	169	84	66	82	23	14	72	23	35	36	26	54	87	94	49	65	78	32	5	44	120	37	30	27	33	19	57	67	53	121	128	59	81	34	53	7	57	46	23	78	43	33	49	35	40	25	19	107	56	41	11	110	42	114	76	12	42	60
53	240	47	17	151	59	84	191	69	88	56	143	141	98	99	41	87	69	94	38	110	83	92	48	21	126	70	47	46	158	231	142	29	86	194	73	127	53	19	334	231	95	162	58	101	13	70	195	148	82	214	64	172	96	33	154	224	102	177	140	95	39	116	27	71	67	85	65	160	145	100	144	91	74	16	69	178	62	25	49	48	28	219	87	96	160	193	74	163	67	117	30	74	80	76	166	82	69	130	47	82	47	51	177	114	86	48	214	51	149	111	29	108	126
54	200	40	11	308	47	49	125	58	72	53	116	101	99	76	25	50	57	60	41	130	69	64	54	18	76	42	61	34	150	318	83	12	72	238	49	122	56	19	278	233	48	124	42	57	11	65	179	206	77	149	41	131	83	24	142	260	102	150	91	81	28	77	20	75	85	44	67	123	132	83	136	76	77	12	60	117	46	22	38	38	44	187	81	52	164	156	72	125	35	98	19	82	67	49	165	62	46	100	43	80	25	31	188	86	46	30	150	41	113	71	34	73	99
55	264	60	22	288	86	109	184	96	115	54	120	127	105	93	51	58	124	94	48	130	119	143	92	25	133	76	88	67	139	361	130	42	93	316	58	157	96	23	355	298	75	198	44	89	25	84	219	241	75	219	47	122	74	35	159	290	118	182	149	79	65	135	31	74	67	94	81	172	140	82	152	132	107	13	57	235	97	39	52	73	36	349	139	94	197	184	89	200	110	150	41	91	67	52	176	95	90	153	48	107	42	53	221	128	93	59	204	69	160	113	27	92	151
56	57	32	2	98	17	57	61	42	28	20	101	82	54	45	18	39	56	48	17	28	35	54	26	17	61	38	42	14	35	113	33	18	43	74	15	44	37	9	90	121	25	67	18	29	9	20	70	43	38	80	33	68	30	13	70	95	44	59	35	31	26	43	6	35	32	35	39	52	95	33	38	37	37	3	20	74	25	15	22	22	17	98	53	46	82	61	35	76	15	60	8	30	40	37	69	46	25	71	14	26	29	15	85	54	40	14	86	25	81	45	18	52	41
57	83	42	4	86	17	47	65	29	42	35	62	73	33	39	17	28	57	44	28	29	53	29	24	8	42	30	28	28	66	84	50	14	34	67	16	45	19	7	119	97	51	54	26	32	6	24	88	49	37	133	27	82	37	13	76	72	43	102	60	31	19	61	8	21	40	47	32	50	53	32	44	39	31	6	39	89	24	14	9	26	13	121	59	24	76	90	30	75	31	53	7	37	24	21	75	53	15	39	29	33	12	14	88	34	42	22	88	21	59	37	18	47	54
58	107	38	5	91	38	56	79	56	39	29	79	65	44	37	29	47	50	43	20	31	83	34	28	12	80	30	46	33	59	111	58	30	52	88	21	77	30	17	124	172	68	113	25	61	5	37	58	78	74	93	35	78	72	17	77	175	66	108	75	63	21	66	14	68	55	50	32	89	62	53	68	66	56	11	45	110	45	18	24	38	12	112	57	58	85	96	43	95	38	56	14	49	51	55	105	50	39	68	40	38	36	35	141	89	57	25	120	41	98	63	14	66	78
59	106	35	12	122	44	70	144	47	73	35	128	112	87	52	33	64	77	78	38	51	61	93	38	25	103	58	44	52	95	218	83	15	56	127	33	118	56	9	232	264	39	139	34	67	10	48	156	87	77	139	28	150	80	18	146	166	69	168	76	52	29	93	16	64	72	53	62	102	120	57	78	103	67	9	48	140	65	24	40	39	20	161	82	56	144	166	53	194	66	80	13	72	71	61	138	57	48	72	61	67	29	23	174	86	57	21	170	56	130	62	17	101	128
60	93	52	37	137	30	100	91	58	86	38	169	154	45	44	49	68	63	70	29	72	58	72	57	29	59	78	73	56	56	123	52	19	89	108	27	117	92	14	126	170	79	148	77	30	22	34	570	69	45	188	55	100	46	32	123	173	57	125	52	44	52	144	29	46	36	78	66	66	112	43	131	76	42	11	52	124	69	33	49	47	15	258	63	85	76	109	84	114	65	68	14	58	36	29	118	66	41	77	41	43	38	31	161	79	80	36	79	35	83	80	18	69	80
61	119	40	23	105	57	69	90	48	72	37	76	87	69	94	36	53	56	74	38	49	82	49	42	16	82	44	61	47	108	108	72	17	78	146	25	137	39	7	110	152	46	109	39	61	18	47	212	60	99	116	22	112	52	29	125	121	86	144	91	49	35	73	25	67	73	64	55	90	112	35	104	73	87	11	34	123	60	26	33	40	30	170	75	69	100	140	76	88	57	84	26	65	67	49	120	66	54	78	44	53	22	38	141	88	76	39	137	47	128	92	21	70	75
62	89	38	15	112	30	60	55	42	46	37	65	67	62	37	34	42	34	32	21	39	54	43	23	13	54	34	43	23	66	87	30	19	48	74	18	67	55	9	158	106	28	77	36	70	10	31	117	31	37	112	22	71	52	12	84	99	33	105	53	27	31	61	13	24	48	42	65	53	53	34	81	53	50	4	50	120	25	15	25	31	21	101	52	55	79	81	48	73	43	47	20	55	40	30	88	63	42	49	27	26	24	28	97	65	57	16	69	31	83	46	16	58	49
63	209	117	40	289	90	190	238	118	179	66	170	247	113	113	77	123	113	129	37	102	129	124	89	48	143	122	117	113	165	333	121	39	158	214	61	237	113	32	306	428	100	298	72	99	41	94	499	116	121	298	72	240	142	35	241	331	143	256	126	76	70	165	41	109	110	99	138	190	222	94	201	139	119	20	121	321	82	62	79	86	66	375	117	160	275	176	161	235	107	122	50	110	122	100	271	149	88	135	62	83	92	95	306	159	154	73	215	64	221	125	52	152	236
64	280	132	45	242	136	241	216	140	226	133	308	246	143	113	75	110	163	145	114	149	156	193	142	62	199	151	182	128	161	239	145	132	270	314	118	303	152	39	459	316	199	282	92	149	61	169	2177	183	150	346	152	255	136	77	281	367	129	277	157	135	111	266	99	136	124	108	182	172	225	142	300	153	231	64	108	231	147	93	104	126	90	363	113	194	213	186	200	242	162	196	76	153	136	79	247	196	109	201	107	119	152	61	308	182	180	103	291	166	228	221	102	174	199
65	64	43	15	141	58	103	109	76	54	55	104	120	54	56	50	39	56	49	39	61	56	61	39	21	57	54	61	50	77	89	85	22	71	124	42	117	54	13	154	148	53	104	50	85	16	44	519	67	53	133	51	89	66	23	135	161	64	94	61	45	57	102	36	58	59	31	46	81	55	60	107	60	72	18	43	81	63	30	31	50	50	183	78	68	77	76	89	116	64	72	16	62	80	46	94	85	41	79	28	54	61	27	140	71	62	31	117	54	70	80	28	76	78
66	178	87	38	234	99	218	158	124	166	134	253	203	85	102	119	90	133	107	80	115	116	159	108	61	139	130	159	116	140	197	69	94	186	225	110	274	172	35	285	261	134	159	103	146	41	132	1841	170	90	320	129	219	143	68	232	273	88	206	136	110	112	209	70	117	122	97	124	148	165	104	182	105	131	47	86	259	120	94	139	83	85	261	89	158	156	168	190	167	139	179	55	134	125	71	183	209	100	183	78	99	145	76	232	178	124	89	213	120	150	167	75	119	166
67	263	121	41	335	116	245	210	180	200	96	242	236	177	120	108	135	148	146	98	163	136	180	113	64	178	125	154	132	170	309	138	102	217	232	118	296	178	38	369	353	155	316	99	169	58	138	957	147	180	329	117	378	124	75	369	404	145	232	139	112	140	265	102	139	145	98	144	223	181	113	254	165	151	41	120	253	102	126	134	132	104	399	123	217	227	235	187	260	190	175	85	125	128	110	307	179	97	173	103	121	141	97	294	176	118	100	299	121	242	205	95	142	170
68	106	43	25	64	48	105	77	59	89	40	97	85	57	52	48	56	67	61	27	36	79	57	40	22	60	50	51	26	68	119	72	53	99	133	36	125	67	22	155	110	113	96	43	72	29	47	1726	47	47	152	51	98	56	34	154	190	67	103	51	60	66	123	23	64	53	56	73	64	113	52	113	57	69	13	37	125	50	35	61	45	27	140	38	68	104	90	92	80	49	60	25	78	49	47	103	86	51	77	46	58	43	53	107	63	60	42	83	51	100	72	11	56	72
69	108	51	33	85	54	96	115	59	80	59	89	117	77	57	32	25	55	65	50	49	79	68	51	28	108	64	78	42	83	122	70	58	87	115	28	136	51	18	206	166	87	97	43	48	25	61	601	62	59	199	42	115	81	44	167	205	50	110	85	61	46	117	30	70	49	44	75	87	89	66	113	62	53	18	54	133	58	49	49	48	31	167	62	67	99	114	76	92	82	59	28	65	41	38	114	87	45	78	75	53	28	31	181	84	61	37	114	70	103	104	18	67	81
70	139	66	35	141	82	92	88	66	102	47	98	178	73	60	52	70	79	70	53	66	72	85	40	28	107	61	69	55	61	140	72	57	157	145	45	175	73	25	208	147	120	95	40	58	21	50	1836	92	62	262	50	129	81	41	161	223	63	141	60	86	65	195	51	56	70	75	95	94	109	79	125	55	128	26	51	93	32	48	47	43	39	152	61	86	113	113	106	113	65	92	26	69	55	55	133	82	74	98	86	66	87	39	160	96	77	75	115	62	87	91	52	66	81
71	156	47	26	106	65	126	108	88	91	61	121	129	85	64	69	69	92	101	39	44	60	85	62	39	102	76	71	83	108	134	91	29	174	154	54	165	75	32	235	166	103	202	52	58	32	68	1234	124	99	236	52	171	81	37	148	268	62	146	85	60	50	140	40	65	74	72	50	98	127	52	151	71	68	10	49	162	78	56	54	69	33	233	72	83	131	122	99	167	83	102	41	79	97	51	139	101	54	133	72	69	35	51	162	141	73	66	161	90	149	99	30	69	73
72	117	37	17	82	46	126	81	74	62	34	127	119	57	43	39	64	42	47	43	48	61	58	26	14	74	67	60	36	84	75	49	33	90	90	24	152	61	20	194	152	86	100	32	52	17	35	2683	66	41	224	51	117	67	15	139	152	40	117	66	76	54	118	34	44	53	59	58	55	86	40	89	40	71	18	42	113	43	40	31	27	38	156	48	62	83	94	72	85	50	85	17	52	58	35	87	89	48	74	53	52	48	20	161	90	43	44	127	29	94	79	21	46	53
73	92	30	9	70	18	52	45	22	41	39	58	76	31	29	30	18	46	30	29	24	43	61	23	17	37	47	33	33	31	70	48	26	54	95	19	75	41	16	113	87	51	85	40	27	7	23	619	58	41	114	26	112	39	16	65	103	22	71	46	32	46	81	18	39	36	20	44	40	40	37	65	27	39	6	17	72	28	14	16	15	40	101	31	30	68	57	45	61	37	53	20	29	33	30	94	45	31	60	26	38	27	12	101	74	26	29	73	25	35	46	12	26	37
74	125	50	25	67	43	102	72	62	71	64	89	90	55	46	45	37	47	49	38	56	45	59	42	17	58	41	60	41	76	98	58	39	115	101	47	127	51	21	138	88	96	92	48	52	18	84	1536	64	72	214	48	102	64	24	113	173	51	105	60	50	35	129	39	58	71	38	39	76	73	49	107	46	67	13	46	92	60	48	34	37	36	141	72	80	69	71	63	54	48	67	28	63	36	39	93	90	40	91	50	69	51	29	117	101	81	42	115	60	96	67	16	63	52
75	129	45	28	83	46	103	115	67	91	52	123	128	44	56	47	65	72	61	41	68	69	50	51	25	90	65	62	43	77	70	90	26	105	105	34	151	68	11	211	135	78	103	38	62	23	49	1117	72	72	208	44	99	63	37	106	217	52	131	87	53	59	107	42	61	55	53	58	59	98	51	81	48	74	10	47	136	56	42	41	49	33	135	67	84	114	77	65	88	49	68	23	43	47	54	109	97	38	92	41	48	39	33	132	100	46	42	132	42	96	70	20	75	93
76	161	64	33	152	56	127	121	76	119	67	141	124	96	77	59	86	72	86	63	92	78	116	59	36	89	90	92	65	89	112	75	50	128	178	61	202	82	13	201	207	116	135	51	57	18	50	1281	117	65	213	97	179	104	33	227	238	74	200	93	85	75	164	40	73	53	86	112	121	160	80	149	57	85	17	68	202	54	48	61	70	33	256	59	85	121	126	183	71	96	60	37	71	60	45	101	75	45	116	65	63	56	59	196	92	117	40	118	80	134	82	36	93	80
77	105	28	12	85	21	88	94	51	72	26	81	100	53	34	24	35	38	39	26	43	49	52	41	25	67	58	50	53	56	62	54	28	81	86	15	111	51	13	180	86	69	97	48	44	16	42	752	55	43	189	37	81	42	16	146	176	48	104	45	38	43	87	16	46	36	48	57	95	85	57	104	55	43	10	46	114	43	37	22	32	27	131	37	77	48	73	77	57	52	52	14	56	25	29	85	65	40	83	60	49	33	20	130	56	37	25	99	54	72	52	16	61	68
78	109	33	18	71	23	101	53	39	58	31	57	70	42	23	51	54	45	58	23	53	53	73	34	18	51	73	36	37	55	41	30	21	74	95	50	127	54	8	122	97	65	129	46	38	23	43	762	58	28	143	47	109	56	31	87	135	34	88	63	33	69	94	30	30	39	46	48	41	73	38	90	30	27	11	30	125	33	34	30	36	29	136	26	47	52	69	59	95	38	35	20	43	47	31	77	75	23	59	28	32	39	21	105	77	43	20	99	20	52	71	30	55	59
79	200	65	23	154	67	134	163	92	116	50	122	185	66	71	57	66	80	53	76	94	92	100	44	37	140	72	66	59	121	136	75	39	94	172	55	164	104	20	277	168	137	189	52	63	40	86	1473	113	88	237	66	138	109	48	207	304	89	166	94	81	76	204	41	81	52	79	92	99	115	70	202	64	102	36	73	163	57	54	49	80	40	272	96	107	109	136	111	101	88	121	35	74	86	61	136	73	68	100	84	73	68	80	214	85	89	50	128	64	115	86	36	98	98
80	38	14	10	60	16	35	31	32	36	11	36	57	35	28	20	31	23	22	11	34	27	40	15	12	42	12	23	22	31	53	39	15	55	42	13	49	39	3	69	81	26	67	9	26	13	22	47	39	29	79	19	46	20	15	60	121	24	35	40	19	20	41	10	23	33	27	42	51	52	29	53	23	67	9	13	50	15	14	23	25	14	75	23	16	49	35	63	51	29	30	12	28	32	21	46	27	39	37	31	19	23	19	48	44	27	10	69	21	36	37	16	28	25
81	25	20	8	46	26	29	14	13	31	18	24	27	27	21	13	25	12	15	11	8	22	17	22	11	18	21	16	9	26	67	16	16	27	16	15	19	26	6	33	33	13	55	10	11	9	12	212	31	11	57	7	39	6	9	55	49	39	31	18	10	19	39	12	22	28	24	26	18	23	15	39	15	27	3	16	41	11	24	15	14	12	49	11	12	23	23	39	39	20	21	7	20	22	7	34	19	17	23	31	12	2	12	76	24	16	8	46	9	37	33	5	11	18
82	83	20	13	82	35	60	58	38	52	32	99	55	38	29	27	25	37	42	17	40	50	67	23	16	46	47	28	29	49	99	56	14	64	89	32	87	52	10	148	76	47	66	25	38	19	29	108	43	48	89	33	98	55	20	124	141	38	75	46	21	34	66	30	27	47	40	49	50	63	29	82	45	50	5	43	78	13	34	25	42	24	162	44	38	78	109	58	53	36	51	16	40	40	20	93	43	28	64	34	39	60	13	80	72	53	21	65	35	79	48	20	39	54
83	53	41	31	89	51	62	40	36	63	28	63	83	37	29	51	46	36	43	8	40	26	46	24	28	47	38	62	37	28	106	42	19	69	53	25	64	35	5	67	89	42	112	46	17	16	42	185	33	49	91	30	74	22	21	124	118	36	88	47	28	35	68	37	23	32	42	50	51	49	24	61	51	53	9	35	70	21	24	25	49	19	142	24	37	64	59	66	78	39	31	20	39	49	18	88	81	32	34	44	37	37	30	91	67	35	36	96	25	75	49	15	55	54
84	50	23	3	38	12	16	30	15	15	9	18	35	13	13	11	17	33	16	9	14	19	40	14	2	17	17	26	3	26	27	16	15	36	61	16	17	32	6	59	57	20	41	4	10	6	33	75	32	23	62	7	29	28	8	55	83	17	24	29	22	9	29	3	17	10	16	17	11	29	13	44	21	11	3	3	36	14	5	14	20	10	47	24	21	20	23	11	25	22	30	5	23	16	11	37	10	8	17	23	13	6	6	46	19	17	16	50	13	34	14	7	7	19
85	64	17	13	30	18	52	46	18	27	12	61	64	31	28	10	29	45	38	20	34	38	23	20	8	33	27	22	18	45	51	18	31	47	63	20	41	30	15	120	68	44	36	27	42	6	24	195	40	39	98	17	87	14	11	83	125	48	62	56	32	41	48	26	40	20	25	25	41	44	42	72	32	35	2	19	66	21	14	22	29	9	118	24	26	48	67	49	49	42	37	12	26	35	33	68	49	30	47	29	35	21	5	74	38	30	19	74	12	56	35	19	24	31
86	111	32	10	79	49	73	87	45	53	20	77	77	39	41	26	35	51	55	25	53	70	45	21	24	56	33	31	42	58	107	46	17	54	140	35	105	41	6	155	111	55	78	35	56	16	32	106	82	42	141	26	81	44	20	87	185	48	57	46	38	22	66	16	57	49	38	25	63	70	43	76	33	59	10	47	77	21	20	19	46	17	111	60	48	87	84	41	71	34	65	16	61	57	16	80	54	24	51	43	37	31	17	115	85	28	11	88	22	93	57	15	44	74
87	49	30	32	98	31	67	63	32	69	39	56	85	42	36	32	40	40	48	21	44	36	60	40	9	47	64	44	32	47	90	42	25	66	82	46	82	51	9	140	87	43	83	31	30	10	44	388	58	66	136	49	107	25	11	102	124	47	106	79	38	53	74	34	56	40	31	67	59	50	38	78	51	49	18	35	104	30	30	20	41	27	120	45	27	66	67	54	58	29	52	15	37	25	26	111	72	38	40	43	20	39	32	70	69	40	25	129	30	80	70	15	48	57
88	30	8	7	30	6	29	31	16	20	5	27	22	25	11	3	10	21	12	4	18	27	23	13	6	19	9	24	5	19	22	15	20	17	26	20	19	21	4	84	52	8	30	20	22	2	8	81	15	21	44	5	35	12	2	22	53	23	23	23	34	10	23	5	25	27	20	17	17	20	11	37	21	21	0	11	40	16	5	6	15	3	26	18	25	38	21	19	24	23	25	10	13	17	16	55	6	11	30	17	16	4	9	63	11	19	4	37	9	25	27	4	22	14
89	21	10	4	17	7	16	26	12	16	8	24	25	7	6	5	13	14	9	4	29	11	17	7	3	14	13	15	7	15	25	8	2	19	28	5	33	11	1	56	42	12	26	6	3	2	21	34	56	5	49	11	30	8	3	31	54	10	43	24	11	21	18	5	18	7	4	12	12	22	11	24	16	19	1	7	38	11	2	15	4	5	22	10	4	19	14	5	32	15	22	8	11	10	11	37	8	11	14	24	4	4	8	44	16	12	2	16	27	26	16	3	14	13
90	82	16	2	67	31	57	92	32	50	22	56	99	59	34	38	26	34	42	28	33	40	29	14	21	50	28	22	26	49	119	30	14	46	85	16	49	36	15	150	104	45	82	38	42	8	28	131	60	35	127	32	70	23	27	103	134	44	53	47	48	31	81	13	30	34	34	45	93	72	38	48	27	39	3	28	94	26	17	13	29	23	125	57	58	44	59	32	79	30	54	19	37	44	26	56	37	42	50	43	25	19	20	102	66	38	29	97	16	84	63	21	47	49
91	62	5	9	47	13	40	29	18	36	11	28	40	23	23	17	22	42	16	18	22	42	27	18	6	39	24	30	19	23	46	30	12	28	41	7	46	24	6	73	54	33	45	15	22	4	26	162	36	25	92	14	54	37	6	81	80	31	55	37	36	13	56	14	25	29	39	23	40	30	21	39	22	22	2	9	71	20	11	22	12	12	67	23	26	44	21	21	34	21	35	19	32	31	21	62	41	19	25	25	14	18	15	51	29	13	8	79	21	39	28	7	16	25
92	95	25	15	63	39	65	90	43	67	45	69	82	38	43	18	29	44	36	20	43	40	39	22	20	44	44	44	20	51	40	23	22	62	100	22	62	56	8	145	89	39	85	35	28	11	38	280	50	41	204	27	67	22	13	101	129	49	128	61	33	31	86	21	30	33	44	60	43	73	40	98	42	41	10	23	82	43	22	24	30	18	98	29	52	39	58	52	32	36	42	7	24	57	37	78	36	29	80	20	32	22	11	109	51	28	18	70	26	72	41	16	39	37
93	77	36	21	139	34	61	57	43	54	31	85	71	37	37	21	30	42	43	20	24	38	53	23	14	41	49	53	24	41	74	49	11	38	62	20	71	43	6	79	110	33	124	24	34	12	46	275	41	51	111	12	57	27	12	113	144	36	56	36	31	34	94	21	26	46	40	54	34	67	48	74	35	37	14	27	88	17	34	36	33	27	143	46	41	52	49	60	52	42	51	26	48	36	20	72	36	23	67	41	35	28	15	89	78	34	29	92	44	78	54	17	48	64
94	95	25	7	92	25	53	64	44	78	17	45	115	51	39	36	35	32	49	19	52	44	63	38	18	54	50	48	23	65	85	60	15	52	105	21	81	59	10	119	113	47	100	37	46	10	35	324	35	46	109	30	71	45	15	85	108	46	102	57	31	27	235	24	58	45	47	50	58	66	34	104	58	45	6	28	123	28	29	15	43	17	153	36	51	77	60	100	52	46	48	22	44	48	18	84	65	35	63	47	29	29	14	83	67	37	18	82	31	66	71	24	46	75
95	175	88	54	123	88	153	149	80	135	85	119	199	74	68	94	63	58	94	45	103	90	118	74	15	89	100	90	64	70	142	84	47	135	196	65	185	169	12	172	218	98	196	53	52	24	68	759	105	106	283	81	153	71	48	216	278	109	184	121	71	100	174	43	68	84	89	152	120	100	75	234	103	107	23	79	154	64	40	51	72	38	289	67	108	155	110	144	111	77	113	45	85	70	45	135	120	54	109	89	84	75	45	185	124	77	42	171	70	145	107	36	77	90
