	0	1	2	3	4	5	6	7	8	9	10	11	12	13	14	15	16	17	18	19	20	21	22	23	24	25	26	27	28	29	30	31	32	33	34	35	36	37	38	39	40	41	42	43	44	45	46	47	48	49	50	51	52	53	54	55	56	57	58	59	60	61	62	63	64	65	66	67	68	69	70	71	72	73	74	75	76	77	78	79	80	81	82	83	84	85	86	87	88	89	90	91	92	93	94	95	96	97	98	99	100	101	102	103	104	105	106
0	69	125	59	163	39	51	296	104	116	92	250	87	130	165	63	403	238	119	86	234	55	81	75	229	503	20	98	80	140	46	530	1166	251	111	181	37	177	58	160	97	43	117	24	42	56	127	494	272	431	14	74	298	189	80	59	277	99	74	112	41	869	83	119	92	260	42	150	47	82	71	1079	219	285	79	134	10	147	67	716	53	72	541	82	109	195	341	106	128	84	109	487	92	13	62	128	108	42	305	139	21	35	101	77	393	80	110	66
1	26	65	23	71	18	34	123	63	74	39	137	41	83	70	38	119	101	71	70	136	34	48	44	105	208	19	66	42	63	22	176	543	135	43	64	20	82	33	70	78	11	50	15	9	32	65	203	155	299	9	36	154	84	51	35	122	57	55	50	17	297	60	31	53	129	35	82	14	54	32	461	115	122	53	105	7	52	28	201	20	37	218	60	49	83	168	72	62	47	46	216	37	7	39	63	51	23	112	66	9	20	57	37	148	36	48	35
2	7	18	8	18	4	12	32	12	14	17	30	5	19	32	16	45	15	18	28	25	1	10	12	20	61	2	11	11	14	5	54	147	40	15	23	9	23	7	17	18	7	6	0	4	5	24	62	30	64	3	14	34	24	11	10	31	21	11	20	7	94	8	12	10	35	7	15	5	18	11	139	40	37	16	16	1	11	6	64	12	3	58	11	19	19	40	11	22	11	8	68	11	1	10	27	16	6	32	18	6	9	16	6	61	9	18	9
3	45	98	47	89	18	43	174	70	77	96	175	27	87	154	68	207	115	89	91	112	23	37	41	129	286	11	83	31	70	46	283	741	222	96	109	19	117	31	80	87	36	66	12	37	36	109	276	147	272	18	69	162	86	41	60	135	83	41	96	23	434	45	84	50	134	21	118	43	79	50	624	127	152	37	112	7	81	37	364	51	45	277	57	57	100	214	91	119	46	60	321	65	15	48	103	59	23	278	85	26	36	72	41	239	43	59	35
4	191	428	119	289	85	462	269	154	122	273	403	75	424	455	473	519	712	824	292	300	168	253	143	489	551	97	1025	855	319	148	1026	1921	1523	430	300	92	313	762	240	1924	159	186	89	120	633	555	1052	385	1075	41	294	295	521	249	232	460	991	77	231	214	828	90	238	227	1106	262	361	150	448	415	1674	2436	316	116	773	18	301	226	582	165	102	554	303	110	258	666	941	321	187	288	465	479	183	184	345	170	200	625	159	175	213	340	401	427	209	181	134
5	75	173	70	113	18	87	215	72	76	125	201	32	147	231	120	387	222	205	131	141	44	76	66	163	393	38	244	178	102	40	539	980	454	139	141	37	155	164	123	400	58	83	24	37	149	175	527	172	384	12	100	157	178	107	96	176	216	54	124	65	584	57	130	64	294	51	144	62	140	115	865	543	191	73	214	6	111	65	524	71	48	409	91	67	140	281	219	168	73	107	351	163	37	60	145	76	38	333	100	49	66	120	98	318	98	82	49
6	19	46	10	44	9	71	44	24	18	35	61	12	58	68	59	92	106	112	32	58	26	29	24	54	112	15	162	113	41	26	190	299	223	54	48	22	45	93	35	250	22	23	13	7	89	82	139	70	208	10	32	41	72	30	25	62	124	6	20	38	139	10	27	23	125	34	47	11	58	57	306	333	52	23	119	5	39	28	182	20	14	100	41	21	29	113	124	30	30	42	69	66	27	33	34	32	25	84	39	24	28	53	50	55	34	39	28
7	120	278	103	201	42	275	276	102	78	237	327	41	321	359	254	448	405	432	267	192	87	142	85	255	565	59	575	366	194	83	926	1928	879	264	182	51	261	319	153	917	98	101	51	78	337	323	836	261	701	33	196	224	274	148	150	269	475	56	184	132	888	58	162	98	534	114	224	81	287	253	1767	1194	264	125	371	12	187	154	953	109	58	447	166	103	203	414	531	221	127	181	498	278	111	109	206	118	118	516	143	126	82	212	198	443	167	117	70
8	21	49	13	77	11	28	114	63	71	17	123	41	82	64	24	113	93	89	29	130	32	45	41	126	213	18	58	44	64	21	196	526	92	42	72	15	84	39	82	84	16	77	18	13	35	60	199	157	327	9	40	140	94	31	30	122	41	49	27	25	318	49	47	50	151	28	80	22	44	33	450	147	113	40	113	10	64	20	254	17	46	244	47	47	81	199	92	60	52	51	231	44	6	39	44	46	29	79	64	13	20	63	38	171	26	41	40
9	15	39	19	56	10	27	84	47	50	27	85	25	55	56	20	57	78	61	47	95	19	38	22	69	130	14	43	28	32	18	105	400	67	27	45	7	57	19	49	43	10	36	11	7	22	26	110	107	220	6	24	122	64	23	24	80	37	51	24	11	224	37	24	37	99	25	58	13	19	28	305	84	81	33	74	4	37	8	148	14	25	136	46	31	50	131	40	33	33	35	162	23	8	26	32	61	15	64	42	10	13	40	27	137	27	39	35
10	6	12	2	15	5	6	25	11	12	4	15	3	20	12	7	22	13	10	11	21	7	7	5	15	36	4	16	6	6	6	29	96	24	5	8	4	12	5	12	15	4	15	3	2	6	6	30	34	55	2	8	38	26	6	9	25	5	11	8	2	70	10	5	8	26	6	12	7	7	3	72	21	19	8	20	0	11	5	34	5	9	28	11	14	14	37	13	12	19	12	39	7	2	8	16	14	2	19	10	0	0	7	2	36	6	11	6
11	18	11	4	39	16	20	66	62	42	5	78	27	36	12	6	26	55	58	7	94	20	23	25	62	116	13	35	43	50	23	36	331	31	13	35	6	36	33	45	40	3	55	7	5	22	21	69	118	190	10	8	119	76	17	9	112	21	37	4	6	195	34	18	36	115	17	48	4	10	13	224	88	74	31	74	5	43	10	118	4	27	119	47	36	50	150	47	11	23	39	177	11	2	30	10	36	21	15	38	2	16	21	30	88	11	26	26
12	118	248	121	189	38	74	339	94	94	188	326	64	171	367	164	603	305	166	174	202	59	77	115	211	592	29	155	77	123	68	782	1415	439	210	237	61	265	56	172	176	73	104	30	96	90	265	802	277	406	28	160	252	143	152	170	271	172	74	245	79	1020	69	214	92	267	44	191	91	150	154	1184	318	353	104	151	10	155	103	795	93	51	722	112	89	191	361	124	268	94	150	535	196	30	81	317	93	43	709	197	50	59	128	79	528	118	98	59
13	132	364	166	210	30	89	442	87	96	329	395	37	223	444	206	814	331	154	310	176	39	47	113	188	830	30	155	74	97	73	1133	1998	683	249	241	67	305	44	220	158	116	96	11	92	118	323	989	197	586	28	208	223	145	201	154	227	249	67	323	99	1365	70	245	61	198	45	214	117	219	185	1902	276	409	152	193	7	152	136	1372	152	52	765	77	127	224	282	155	407	150	170	649	268	55	93	375	82	35	969	234	63	86	192	74	714	216	139	69
14	5	21	7	20	1	4	36	10	13	12	36	8	19	28	5	52	28	14	12	34	12	6	5	24	66	4	21	7	18	11	54	132	26	15	20	4	18	10	18	22	6	13	4	3	11	12	62	30	72	4	10	41	23	9	10	32	11	16	8	8	86	8	23	15	40	7	22	5	15	9	99	41	41	19	14	3	9	6	68	6	7	74	11	9	13	51	16	16	19	14	44	16	3	8	15	17	7	23	16	2	6	17	7	44	7	14	6
15	80	175	89	171	26	98	296	117	95	125	255	56	147	247	122	395	217	152	194	224	43	63	79	170	499	16	173	112	101	54	509	1403	316	164	152	54	205	80	152	176	55	107	33	47	77	165	546	236	531	32	99	251	140	88	107	259	134	88	161	55	798	82	160	74	297	82	170	65	132	113	1148	282	260	89	166	7	142	67	627	64	66	434	97	97	169	338	141	167	112	116	540	125	31	66	165	99	39	351	137	29	45	129	72	430	89	89	64
16	13	21	12	47	18	15	86	54	65	27	92	34	48	24	16	41	75	60	27	128	38	30	27	70	118	13	33	23	43	12	93	407	60	33	71	3	52	22	50	31	13	79	14	7	12	16	105	126	271	6	12	121	70	18	17	109	25	37	18	4	244	58	29	37	103	28	57	4	25	21	294	58	75	32	78	6	51	9	161	8	39	165	52	44	72	156	59	31	49	32	167	25	5	30	21	62	25	77	50	3	13	40	31	101	18	45	36
17	19	27	20	41	10	10	89	39	44	25	84	23	42	29	15	63	53	25	24	81	23	27	35	59	105	12	20	19	43	10	75	233	53	26	51	8	39	14	36	31	5	44	8	6	16	21	102	92	151	7	14	95	55	16	13	80	23	35	18	10	206	17	35	31	72	15	55	12	24	20	186	48	74	19	62	3	34	9	124	17	24	105	27	36	36	112	35	26	20	22	136	19	4	22	28	33	12	109	39	6	10	30	15	104	14	34	34
18	12	42	19	19	1	14	45	7	4	21	39	3	18	50	15	93	23	13	30	20	6	6	14	24	74	4	21	4	9	7	86	145	38	27	29	10	34	7	20	12	13	11	3	7	6	35	93	20	67	1	26	23	8	20	24	12	20	9	27	12	126	3	35	4	21	12	24	11	17	17	124	19	45	12	19	2	22	12	87	11	9	89	7	10	25	33	14	49	13	27	68	21	5	9	35	15	2	72	30	6	6	19	10	60	18	18	8
19	28	45	26	67	13	23	119	54	72	45	140	37	69	85	41	113	101	64	42	154	29	45	47	105	210	16	34	33	53	14	151	579	95	46	65	19	95	20	71	39	22	84	19	15	20	44	173	115	319	5	34	164	69	32	30	151	38	70	52	17	342	51	44	51	124	34	86	17	38	28	442	69	114	41	94	3	75	11	263	19	49	197	55	61	82	197	72	57	53	55	245	45	13	31	56	69	16	162	75	7	20	48	34	179	19	49	47
20	16	21	15	35	9	4	60	35	31	25	94	15	42	38	13	79	48	34	10	93	16	28	26	54	117	7	27	26	32	7	93	252	57	31	47	7	48	13	34	21	13	34	11	8	12	29	111	81	191	13	26	87	44	23	11	74	13	29	13	9	179	37	30	21	63	16	47	6	27	13	208	60	58	20	49	7	34	11	136	8	25	151	35	38	43	104	38	30	30	35	108	20	4	32	36	41	16	75	43	9	11	50	23	121	11	30	33
21	32	76	32	62	14	15	125	40	49	69	117	23	76	73	33	187	101	49	54	85	23	32	34	80	218	6	45	29	38	25	233	496	124	52	61	28	73	9	84	39	18	52	4	15	6	75	219	101	282	12	58	122	53	36	44	86	49	27	50	17	318	42	63	34	89	17	84	26	61	35	487	75	126	55	74	3	52	18	301	26	33	235	40	49	56	143	49	79	51	50	181	53	8	39	86	50	28	146	69	9	26	50	27	151	42	57	32
22	20	46	22	36	4	13	50	11	6	29	50	9	35	73	21	126	47	24	41	20	1	10	19	23	120	3	32	4	4	7	170	179	81	33	26	10	40	1	26	27	13	10	1	9	21	47	157	14	97	3	31	23	11	27	33	14	14	3	44	14	149	11	47	4	22	6	20	22	30	31	171	28	57	19	32	2	19	18	145	21	8	134	17	17	19	28	7	51	23	38	75	27	5	13	75	11	9	124	27	5	11	29	14	103	24	18	9
23	28	66	28	77	21	25	169	72	60	71	158	34	80	100	27	167	100	62	56	134	13	46	51	96	277	18	52	27	49	25	286	705	127	57	71	20	81	18	73	36	23	63	18	13	25	73	268	150	287	11	37	136	96	51	36	121	46	45	59	20	410	56	76	39	135	22	87	21	56	49	589	81	148	43	88	4	82	25	406	27	33	289	54	58	84	176	69	78	60	56	254	40	12	39	58	59	17	170	88	12	19	54	20	205	41	57	44
24	11	6	3	21	4	9	26	28	20	4	42	10	18	3	6	18	23	35	8	66	20	12	11	36	64	8	20	16	17	3	25	145	17	3	18	3	12	8	19	10	5	25	6	0	3	6	41	47	104	5	4	51	30	9	2	47	9	25	5	3	97	21	5	16	45	7	27	2	3	4	99	13	44	13	35	4	20	1	52	2	25	50	36	25	34	57	16	9	15	16	72	4	3	11	7	23	6	24	25	4	5	24	6	60	5	22	17
25	19	28	16	26	7	13	44	20	21	14	55	14	26	38	14	59	46	22	22	55	14	11	27	46	80	8	19	14	26	9	80	225	43	27	28	8	39	10	40	18	7	25	3	9	10	25	89	53	139	6	16	55	31	18	21	44	8	21	14	8	153	19	16	17	59	16	30	8	17	20	185	30	48	25	39	2	17	9	104	6	18	110	18	20	38	84	29	26	25	29	105	18	3	21	31	24	9	70	30	5	9	24	8	88	10	22	17
26	11	28	15	17	4	4	20	8	11	14	27	1	10	40	12	48	27	11	16	14	2	6	7	9	46	3	17	10	6	2	82	125	34	21	18	4	18	8	9	18	3	7	0	4	6	21	78	14	47	2	13	15	7	9	11	17	13	6	17	7	91	3	25	8	14	5	16	6	17	13	84	16	25	10	15	1	8	16	73	9	6	47	11	12	14	27	19	33	13	16	50	17	2	11	35	4	4	56	12	4	7	20	8	47	15	9	5
27	17	28	10	49	13	9	46	29	35	23	77	19	42	40	20	59	46	32	22	73	15	37	29	65	111	6	29	15	31	10	80	262	63	25	40	10	45	10	47	20	4	43	7	6	3	32	120	76	177	3	12	83	33	28	16	56	17	23	32	7	174	28	28	17	49	11	43	6	22	20	251	37	47	33	48	2	39	12	148	12	21	114	31	31	59	91	21	22	35	46	109	22	8	16	22	41	16	96	35	3	16	29	18	97	19	30	17
28	24	45	14	68	20	18	102	49	54	43	110	20	53	63	23	94	74	38	31	122	23	41	34	86	170	15	43	22	41	13	138	447	124	41	85	6	57	20	54	36	9	61	9	17	20	50	151	101	225	6	29	138	81	32	18	125	36	43	57	12	326	37	32	39	99	26	79	20	47	24	399	66	116	29	74	3	34	19	233	15	37	193	54	23	78	155	44	52	49	47	222	31	8	32	41	47	17	174	49	10	20	49	23	154	27	39	46
29	42	95	43	80	16	24	175	63	61	90	173	32	90	136	36	264	112	70	68	131	24	51	46	106	330	11	61	26	66	21	373	749	181	76	100	24	119	23	104	62	17	68	14	21	37	110	348	141	262	9	71	142	101	53	45	118	57	52	83	25	546	53	70	46	136	32	94	30	61	66	739	97	145	54	85	4	80	42	499	36	30	331	57	45	131	187	59	102	45	75	287	62	12	37	100	56	25	253	82	15	23	92	42	243	57	50	31
30	6	25	6	18	3	4	28	10	8	8	37	2	18	27	12	70	24	10	13	19	3	6	7	16	52	2	10	3	9	7	72	85	47	12	10	5	22	7	17	11	4	9	3	4	10	19	64	25	68	1	16	18	10	10	12	16	14	8	9	2	81	5	20	6	18	8	11	4	14	10	89	25	31	17	28	2	12	7	71	8	4	58	8	6	15	30	13	25	15	13	38	15	2	13	24	5	4	60	10	1	5	14	3	43	12	8	7
31	78	133	59	137	20	41	261	101	123	147	283	52	123	195	75	297	193	84	139	178	43	83	82	165	502	11	111	51	107	39	545	1422	292	132	166	35	181	28	117	65	28	122	15	42	39	117	501	218	440	28	66	247	148	81	57	215	106	84	142	31	811	79	119	69	216	41	158	35	114	84	1302	138	258	65	121	6	119	42	802	50	48	402	68	73	162	296	96	140	97	74	487	90	38	46	111	93	36	404	126	21	34	111	49	400	92	87	65
32	57	102	45	132	51	42	189	116	138	73	275	93	150	137	57	270	140	136	69	300	68	97	95	200	337	45	121	72	100	37	353	756	171	78	123	48	148	40	140	53	47	158	22	24	32	135	367	254	972	22	53	287	147	93	58	219	73	90	99	30	545	110	107	105	247	67	147	33	95	64	670	109	195	132	211	25	137	39	433	37	112	366	121	136	105	320	128	111	164	153	356	75	24	109	110	129	66	265	146	31	40	138	71	330	56	133	110
33	1529	4570	2387	1724	34	1133	3453	67	101	2729	2209	41	1726	6160	2544	8941	2160	927	4621	177	38	55	1109	510	6845	119	1510	41	81	704	10960	15905	6183	3181	1907	987	3095	35	1419	1463	918	112	11	1056	1229	3395	9846	149	3807	229	2353	292	96	2045	2397	144	2028	46	4027	1073	9352	60	3075	78	128	374	1479	1475	2160	2412	14015	1523	3421	1245	1082	60	1185	1257	7788	1685	54	5775	94	907	1436	1345	536	5030	1619	1859	5207	2477	307	862	5273	78	127	6692	1673	805	756	2003	449	6697	1941	1115	69
34	26	29	17	20	80	80	21	125	251	22	57	177	136	53	22	106	32	162	17	163	128	167	96	248	63	120	89	161	188	28	141	123	68	30	107	86	30	105	35	33	63	291	77	8	27	94	107	243	2137	38	30	338	172	25	134	337	18	115	29	5	310	150	32	177	255	99	126	12	167	18	143	38	39	158	247	71	125	19	166	11	188	90	197	222	22	188	95	42	276	175	33	28	70	79	30	199	93	135	185	83	22	144	162	368	49	141	237
35	578	1853	987	813	42	467	1448	83	131	1287	1164	60	738	2521	1157	3499	875	434	1968	210	54	71	515	280	2708	71	640	46	95	298	4385	6903	2760	1370	807	376	1286	38	620	613	399	107	19	460	589	1475	3937	236	1914	124	1027	289	133	837	1031	167	950	83	1761	462	4041	77	1315	72	186	192	758	627	928	1074	5978	616	1496	584	536	36	563	524	3462	685	57	2004	93	434	570	747	304	2083	779	775	2349	1039	119	402	2195	108	72	3585	739	403	315	870	206	2902	816	509	82
36	4199	12812	6715	4902	72	3185	9482	111	164	8009	6216	76	4835	17485	7494	25399	5957	2457	12695	280	51	112	3041	1322	19085	323	4056	69	187	1915	31274	43589	17389	9299	5248	2720	8823	78	3733	4232	2675	146	71	2938	3639	9605	28048	196	9421	591	6713	528	204	5599	6722	190	5766	117	11199	3048	25723	89	8645	130	261	986	4073	4219	6250	6731	38860	4290	9348	3516	2754	159	3264	3572	21513	4781	81	15664	135	2410	4130	3518	1505	13771	4517	5176	14710	6858	819	2377	15042	92	321	19479	4511	2428	2072	5611	1180	18734	5561	3046	156
37	5479	16312	8517	6157	57	4007	12788	87	179	10194	8507	70	6438	22194	8717	36053	8413	3381	15197	252	79	87	3961	1769	26239	407	5286	65	205	2439	43800	54383	21695	11632	6864	3616	11766	98	5321	5346	3274	160	68	3596	4735	13180	38966	156	12719	763	8851	718	142	7438	8908	211	6956	132	13856	4139	34993	82	11316	161	251	1204	5036	5522	8122	8594	49704	5851	12666	4712	3727	210	4302	4776	30716	6247	89	24973	145	3094	5313	4599	1972	17424	5339	7025	18574	9006	1039	3288	18882	101	398	25365	6179	2946	2586	7412	1493	23878	7398	4122	156
38	710	2051	1019	798	52	554	1572	94	199	1306	1183	125	902	2739	1159	4488	1022	515	1918	154	97	131	523	342	3291	95	743	105	134	318	5490	7074	2769	1505	937	480	1488	63	692	632	465	219	48	454	570	1696	4788	200	2926	121	1086	317	147	971	1148	198	876	90	1825	478	4684	122	1436	120	211	204	735	667	1071	1123	6575	775	1610	691	653	62	579	630	4103	776	149	3069	161	540	658	702	317	2173	867	963	2324	1079	208	468	2238	156	115	3337	925	423	341	1026	298	3188	924	584	164
39	4835	14601	7422	5430	54	3574	10905	124	186	9238	7149	72	5513	19852	8155	28966	6803	3015	14598	288	57	105	3472	1419	22084	327	4461	71	206	2228	36006	50761	19289	10548	5975	3105	10285	80	4448	4895	2914	184	83	3269	3955	11042	32146	217	10963	701	7582	611	178	6458	7758	259	6496	123	12892	3332	29983	97	9852	133	242	1136	4433	4747	6928	7609	45114	4985	10781	3942	3128	176	3628	3986	25031	5343	80	18299	149	2744	4608	4226	1695	15621	5115	5840	16865	7796	916	2624	16904	108	369	21615	5073	2689	2200	6355	1329	21416	6321	3686	151
40	38	42	30	75	21	44	139	79	86	27	151	42	91	65	23	126	93	92	49	160	43	44	61	101	210	23	64	42	73	25	154	526	66	37	93	32	78	33	72	29	25	102	15	15	15	44	201	157	574	23	23	187	83	48	36	133	34	57	51	9	372	67	54	53	147	39	85	21	35	26	400	68	139	93	126	17	71	19	205	15	60	237	84	90	79	221	61	58	108	77	228	35	4	49	53	71	26	101	93	11	19	81	50	197	26	70	59
41	996	3050	1557	1131	31	745	2245	62	77	1931	1525	46	1168	4057	1720	5905	1467	673	3024	165	31	48	765	362	4430	67	1015	34	85	467	7480	10280	3929	2114	1250	618	2134	47	885	995	623	93	24	664	841	2299	6693	127	2673	172	1497	228	87	1272	1614	121	1343	66	2574	727	6263	76	2019	62	141	234	967	973	1465	1613	9351	1012	2250	892	714	53	795	832	5066	1118	58	3826	83	604	911	936	422	3222	1065	1148	3515	1568	154	629	3506	76	110	4429	1113	596	471	1373	341	4492	1283	728	76
42	5	10	8	14	37	61	11	110	182	6	39	89	101	20	10	30	19	130	7	133	85	107	64	162	25	85	58	101	138	17	31	43	36	15	36	52	16	78	19	22	27	197	36	2	6	34	39	167	1460	35	12	225	134	23	83	179	17	81	9	6	141	131	6	113	180	70	77	2	74	9	53	27	11	110	178	44	84	2	55	3	144	16	139	148	6	137	62	10	179	114	6	12	39	61	15	104	77	67	128	58	16	84	94	230	46	86	167
43	913	3196	1619	1287	61	829	2206	80	88	2193	1487	52	1051	4445	2145	4758	1167	558	3842	195	36	57	807	308	3831	106	924	40	90	475	5995	11617	4609	2327	1225	568	1959	30	701	1016	659	87	31	739	836	2164	5603	156	2492	165	1631	213	110	1240	1652	124	1622	57	3132	687	5473	65	1940	70	152	271	1164	1047	1518	1729	9238	929	2242	732	696	42	739	753	4091	1127	47	1834	87	558	891	994	400	3673	1287	1189	3874	1555	213	500	3899	96	100	5174	915	675	486	1341	295	4874	1336	773	100
44	12479	40735	20242	14856	103	11243	26969	219	138	26733	13943	73	13068	57905	27592	53082	11878	6615	53456	449	56	74	9668	1563	47386	722	11460	75	155	5725	69953	155824	56293	30173	14614	7336	25216	90	8046	13169	7504	153	110	9519	10803	25896	66041	329	25095	1544	20124	623	256	14981	20789	298	19076	92	41229	8254	62127	106	23750	86	267	2945	12557	12577	18333	22615	124096	10017	25028	8611	6778	355	8944	8742	41187	13709	60	14797	116	7017	10910	10252	3801	46651	16919	12967	49710	19771	2410	5193	47563	121	801	50917	10285	8816	5904	16166	2781	63179	16230	8847	250
45	20316	64728	32186	23624	189	16852	44026	214	235	41552	25050	103	21702	90631	41367	99387	22832	11197	76454	524	67	117	15413	3489	81888	1239	18606	97	304	9268	127006	235541	87670	47694	24034	12221	41224	153	14970	20719	12131	211	205	14668	17234	44084	117589	260	42064	2650	32157	1149	282	25460	33874	279	29594	179	61661	13979	109304	101	40099	204	329	4657	19749	20360	29658	35189	195711	17694	42648	14860	11694	641	15025	15303	80426	22238	112	44439	179	11315	18059	16613	6320	72067	25200	22689	75828	32205	3779	9514	75118	126	1392	85454	18448	13244	9812	26534	4800	97084	26564	14705	329
46	4559	14745	7284	5531	75	3807	10103	97	126	9572	5944	59	5006	20531	9274	23442	5356	2616	17206	199	58	81	3557	943	19036	300	4471	56	149	2137	29889	53468	20273	10894	5537	2836	9589	62	3524	4631	2842	144	77	3365	3892	10216	27497	127	10485	659	7315	392	124	5950	7700	143	6773	85	13943	3233	25605	79	9030	109	171	1103	4597	4721	6877	8121	44781	4109	9792	3568	2865	204	3412	3535	19076	5208	115	11133	119	2701	4130	3875	1540	16665	5712	5349	17586	7557	962	2242	16966	98	366	19742	4274	2930	2294	6261	1138	22398	6130	3377	180
47	7130	22325	11238	8385	93	5798	15597	159	186	14244	9625	73	7868	30970	13824	37289	8717	4039	25574	325	67	99	5356	1614	29625	494	6680	57	202	3186	46620	80512	30485	16281	8464	4337	14627	99	5557	7287	4385	155	89	5108	6086	15638	42886	246	15362	997	11550	652	203	9070	11691	236	10257	152	21109	4963	39979	101	13866	131	288	1556	6900	7185	10568	12026	67783	6547	15141	5270	4326	248	5381	5426	30713	7818	85	18480	127	4055	6374	5816	2365	25075	8434	8244	26385	11533	1322	3454	26277	134	497	31665	6774	4604	3410	9446	1850	33563	9216	5265	204
48	148	476	228	204	13	105	398	27	22	352	375	21	210	646	253	894	255	134	532	67	18	25	141	74	840	17	177	24	32	63	1245	2183	787	362	230	104	366	18	175	145	107	46	11	139	135	369	1059	67	534	35	226	81	34	209	264	60	259	18	484	101	1211	38	344	20	62	61	205	140	292	263	2154	182	356	151	157	6	149	126	1189	166	19	511	33	106	180	224	81	498	201	211	681	251	45	100	501	28	20	940	207	90	78	217	69	823	223	115	20
49	45	153	65	97	5	46	119	37	23	118	151	16	73	201	116	268	89	45	185	65	13	19	38	51	241	13	68	21	17	26	413	810	259	112	95	27	99	15	41	63	24	31	4	46	31	118	304	54	262	10	72	64	33	74	71	36	89	18	168	41	392	34	106	21	55	20	65	51	81	89	656	67	146	53	62	3	50	40	367	57	12	162	31	46	67	84	33	179	76	74	239	75	20	37	157	26	9	276	80	23	28	74	31	288	74	48	22
50	58	192	93	87	11	46	144	35	43	126	168	30	103	237	94	344	105	76	191	83	19	17	63	75	297	13	90	15	35	37	443	745	301	142	109	47	160	17	80	60	50	37	9	31	52	161	441	82	354	13	102	97	49	79	97	64	104	25	136	50	495	35	132	32	66	39	79	72	104	105	585	85	165	75	113	7	84	51	395	76	26	280	31	53	102	137	57	200	91	98	283	104	11	59	232	39	19	344	98	37	33	101	34	315	76	71	37
51	449	1402	645	621	29	305	1183	63	76	1175	1221	25	573	1862	890	2834	827	294	1430	119	30	36	320	196	2422	58	500	30	59	179	4255	6112	2719	1108	723	298	952	21	484	565	333	63	14	373	396	1290	3310	120	1205	85	801	172	83	631	718	94	903	48	1285	340	3859	45	1044	46	134	133	571	483	896	823	5973	570	1293	381	406	15	473	507	4344	520	41	1768	49	287	487	519	216	1548	550	601	1755	876	181	276	1547	60	52	3847	570	249	270	688	135	2238	782	437	64
52	26	103	53	45	4	31	77	4	13	74	96	4	48	124	44	251	89	33	86	25	3	11	32	29	197	2	45	9	5	15	314	430	178	85	52	22	77	8	52	40	31	8	3	18	25	93	284	18	157	7	71	23	5	61	50	7	60	6	72	25	289	12	80	5	23	18	38	36	59	70	432	42	97	43	55	2	32	40	348	41	11	184	11	22	43	62	20	99	43	59	116	58	15	32	105	17	9	234	59	18	18	49	18	173	64	39	12
53	38	139	58	95	9	26	190	35	33	137	189	11	95	204	82	336	130	55	173	80	15	15	47	61	431	8	96	17	32	22	584	1118	320	130	120	33	120	11	88	53	37	43	5	37	28	142	409	71	269	18	103	93	59	77	62	67	91	15	146	37	637	36	114	32	75	25	93	37	99	101	1084	114	185	69	51	10	68	59	787	43	20	274	35	50	83	142	45	160	80	73	317	89	36	30	117	30	19	420	92	27	31	82	43	314	89	52	16
54	26	72	38	42	10	29	66	20	20	47	86	11	47	76	22	173	55	34	65	50	5	8	24	40	139	7	38	13	17	12	222	331	80	59	41	13	49	12	49	27	26	26	4	21	27	62	192	33	191	9	37	48	28	43	32	39	31	19	53	20	219	17	58	13	42	17	51	31	38	32	258	45	68	42	42	4	33	19	205	30	13	144	18	26	35	70	28	72	29	30	123	31	9	22	84	36	6	151	37	12	20	44	13	111	35	32	17
55	95	285	88	130	16	65	407	39	38	383	509	21	174	429	138	659	237	79	410	74	14	30	57	71	911	7	172	20	41	26	1412	2940	903	305	255	67	302	23	146	109	58	39	12	128	56	351	982	95	374	30	197	94	52	119	100	64	261	44	384	52	1543	33	206	25	148	42	168	63	281	195	3097	141	384	107	103	5	132	124	2280	90	19	410	30	79	165	184	93	241	131	115	639	201	80	34	156	47	20	1231	176	44	58	150	57	688	247	104	29
56	34	118	38	45	5	35	95	13	22	64	71	12	41	139	59	176	52	43	88	39	0	13	31	27	179	7	40	7	13	22	232	475	161	84	47	18	67	7	39	41	16	15	2	19	26	70	229	32	147	9	43	36	15	46	54	20	38	9	80	31	248	16	60	9	27	13	54	31	44	56	416	37	80	30	36	5	38	19	202	33	11	118	20	29	50	64	11	99	40	44	116	59	7	33	111	20	6	160	41	17	18	55	17	165	43	32	15
57	24	53	22	37	2	18	72	10	16	40	59	7	33	71	32	107	40	36	68	44	14	11	23	22	121	7	27	11	17	7	154	400	102	49	38	22	55	9	32	29	9	26	5	15	15	48	125	37	113	7	28	37	17	21	29	40	36	13	52	12	183	20	48	10	38	17	42	16	28	43	330	37	71	21	27	5	33	15	180	26	12	101	23	23	35	58	13	64	33	27	103	32	3	14	50	14	13	111	37	3	7	32	14	123	25	22	17
58	20	80	47	44	6	19	84	24	24	56	81	12	49	119	48	150	60	39	92	30	7	12	37	41	128	6	42	10	13	18	190	388	122	75	47	25	67	8	38	29	22	24	7	22	30	75	193	60	155	6	61	44	25	30	50	42	41	12	81	18	219	14	64	8	37	18	50	24	42	43	317	51	84	30	44	3	28	21	171	39	12	130	26	28	48	89	28	86	51	37	141	46	5	29	132	19	9	144	46	17	16	44	10	146	45	33	22
59	63	186	83	113	8	40	248	31	29	224	266	10	114	264	123	400	153	45	239	45	13	22	41	56	489	15	101	13	27	21	738	1383	542	178	166	46	198	9	102	89	48	32	6	59	40	213	571	63	222	21	138	78	39	98	72	48	168	15	234	32	833	28	148	25	59	21	124	44	172	126	1398	98	228	62	80	8	87	81	1095	73	12	242	27	55	82	99	52	194	70	82	349	116	35	33	204	33	16	790	94	25	41	104	37	417	150	69	21
60	123	341	178	175	14	82	340	34	41	316	417	28	163	503	195	847	274	103	302	77	21	16	88	98	698	26	146	17	49	62	1250	1606	726	314	232	103	267	16	175	139	92	46	12	102	98	330	926	87	470	24	226	74	51	195	194	63	236	36	310	63	1192	43	281	23	101	37	209	118	226	196	1669	167	374	107	143	8	149	126	1345	139	36	658	33	86	133	207	109	362	137	197	462	240	64	82	371	56	20	1219	163	68	104	213	55	550	183	129	35
61	98	290	115	170	13	67	397	38	40	348	418	21	184	413	172	701	256	94	370	92	20	27	63	81	867	17	165	14	36	25	1379	2407	742	262	239	66	278	6	173	112	76	39	10	91	68	328	975	100	350	20	179	138	74	146	135	99	225	34	275	82	1464	34	223	27	88	42	154	87	230	175	2413	175	351	98	140	10	145	114	1808	116	20	606	23	101	178	187	100	325	109	148	621	195	87	51	223	40	18	1083	185	42	40	166	47	637	211	114	24
62	44	140	59	94	15	26	174	32	37	160	215	14	106	191	70	392	141	47	121	50	7	18	47	67	386	7	74	10	35	21	661	963	324	126	110	57	137	12	104	54	37	29	8	48	45	166	511	52	264	16	110	74	38	83	84	43	111	25	138	50	636	21	132	16	40	27	68	51	114	102	1009	118	185	60	70	4	53	65	843	57	10	348	28	52	77	93	43	148	57	79	285	109	27	37	151	29	15	592	89	14	35	71	39	264	114	53	18
63	449	1418	463	745	44	304	1998	90	94	2243	2534	29	848	2149	826	3364	1229	306	2137	160	43	78	249	165	5107	31	808	48	90	92	7912	15093	4911	1645	1367	343	1394	26	790	652	421	98	16	604	193	1807	5054	258	1664	109	1013	258	131	728	530	175	1542	61	1934	280	8192	119	1001	61	232	212	778	358	1421	1047	16042	796	1899	521	431	15	711	684	12515	504	37	2082	85	397	785	611	348	1382	630	619	2944	1141	486	118	714	79	27	7340	906	206	301	875	240	3434	1376	549	61
64	59	126	82	158	54	66	237	135	141	90	335	73	173	191	68	279	160	160	157	324	43	95	115	159	326	32	135	58	109	56	352	888	211	133	118	48	155	48	135	73	55	178	29	42	46	136	368	238	1178	45	100	304	153	96	83	188	65	100	145	42	587	122	118	74	226	94	147	36	103	102	691	108	204	149	253	27	136	47	372	64	111	333	158	159	132	385	119	170	229	175	391	87	16	145	162	142	77	329	192	29	64	171	79	427	73	160	115
65	36	62	45	60	14	23	111	34	53	54	129	28	86	97	55	164	72	62	84	115	11	33	43	75	164	10	45	32	37	16	190	432	135	63	56	19	90	26	53	41	34	60	6	21	28	92	214	89	388	12	62	107	54	49	41	74	52	22	66	22	243	46	62	29	91	39	79	32	51	56	332	54	80	61	83	10	57	29	218	32	45	161	50	63	56	154	54	103	74	70	180	58	2	51	102	56	32	236	72	30	29	78	27	192	35	60	33
66	78	123	72	138	43	55	204	86	125	106	317	66	155	191	96	337	155	138	120	273	50	66	95	174	348	25	121	53	93	56	439	752	276	114	108	42	135	39	115	66	54	132	15	54	49	155	417	186	1061	37	94	242	134	123	93	138	120	78	132	44	590	104	124	83	192	65	170	53	94	76	631	105	204	150	220	21	119	52	459	63	73	341	108	148	118	314	112	156	163	171	324	107	17	119	207	118	54	398	176	24	57	168	86	350	74	155	105
67	178	465	258	338	71	129	458	131	164	404	681	78	295	636	375	1016	377	199	433	307	59	94	196	223	644	68	189	62	129	98	1220	1529	1023	402	304	123	375	50	251	240	151	160	34	172	184	551	1038	248	1302	52	338	326	179	265	287	182	345	106	432	109	1463	147	386	80	249	98	348	182	362	273	1228	256	509	210	340	32	260	216	1450	204	85	727	151	191	210	447	205	585	314	323	702	344	46	194	672	173	62	1856	280	106	156	317	111	739	226	261	153
68	76	229	104	157	32	71	239	57	49	167	303	35	137	300	127	451	168	75	220	129	19	34	86	94	456	26	123	32	51	33	747	1103	451	186	149	46	215	17	113	84	60	67	14	64	58	217	628	111	470	33	150	137	71	119	109	94	155	52	238	51	745	59	159	45	97	25	156	81	145	112	1028	141	254	92	131	9	109	90	732	84	59	390	60	103	107	219	87	256	104	159	370	144	26	76	258	66	29	717	141	50	60	144	54	418	151	107	47
69	42	94	55	70	11	39	134	40	53	82	140	31	83	141	46	208	79	52	91	108	23	34	44	69	279	7	69	30	50	30	313	709	164	82	97	32	129	19	84	48	31	58	14	28	30	95	293	122	285	17	63	110	73	45	50	80	59	40	96	30	400	46	87	32	140	24	99	28	71	51	599	73	111	66	84	5	66	33	370	44	33	241	56	64	89	165	43	105	82	77	242	45	16	46	98	57	28	218	93	18	19	74	34	229	52	57	29
70	40	61	23	76	22	45	127	51	79	53	184	42	104	84	35	165	77	77	67	140	28	52	62	80	219	17	71	40	64	30	221	504	99	66	54	29	111	29	83	34	24	77	14	28	23	63	224	144	558	15	37	148	66	46	36	124	31	55	48	17	338	56	58	54	139	34	69	20	54	48	406	62	122	70	138	11	66	28	308	16	55	241	78	71	66	184	80	54	108	69	221	35	10	60	59	82	25	169	89	11	18	84	44	179	34	85	72
71	296	899	424	469	28	221	876	80	98	830	1039	34	409	1321	570	2045	623	219	958	144	35	58	238	184	1779	60	418	42	72	135	3107	4487	1998	785	557	218	831	24	368	373	280	81	18	316	260	941	2389	191	1143	80	619	227	106	475	493	118	624	51	942	217	3045	74	682	62	258	101	477	299	677	555	4351	415	978	306	344	25	342	391	3538	360	40	1341	81	245	388	410	200	1057	409	462	1312	621	132	223	1007	79	49	2972	423	175	209	513	116	1488	508	335	78
72	12	25	17	44	9	25	61	29	48	30	82	20	53	42	19	53	43	59	28	111	15	43	34	59	102	12	45	28	37	6	81	261	55	26	39	11	48	10	43	16	13	54	14	9	11	26	92	77	336	17	20	92	52	36	28	60	28	36	23	12	167	34	29	26	73	26	42	19	25	18	187	35	64	46	93	5	31	8	90	12	33	103	37	52	42	119	45	32	80	62	112	20	4	39	30	40	20	66	53	8	15	39	23	120	12	50	26
73	8	36	9	42	16	16	48	18	33	21	76	28	26	30	25	57	42	37	32	60	21	20	18	56	54	5	29	17	35	7	57	208	74	23	29	3	40	15	31	24	10	32	2	12	15	30	90	51	197	8	12	63	35	26	18	51	32	30	24	8	142	27	14	13	63	15	33	11	25	24	148	45	46	37	48	8	32	14	103	11	24	58	37	29	37	77	46	40	45	32	63	22	3	27	41	31	10	98	36	9	9	47	26	65	12	24	19
74	26	39	27	55	14	26	68	30	40	33	116	22	73	80	33	119	65	54	46	113	21	30	46	60	117	14	43	26	43	19	135	263	90	34	52	13	55	20	61	34	20	56	13	12	13	49	119	84	442	6	30	98	62	36	20	60	32	33	44	13	211	43	49	25	97	38	63	10	39	24	241	38	76	42	93	4	39	27	195	22	43	141	54	60	33	117	45	64	58	60	127	31	10	53	71	51	16	128	60	12	22	63	24	153	35	56	39
75	581	1997	1126	1191	159	342	1411	99	144	1905	2433	39	750	2861	1636	4381	1420	331	1924	225	48	84	640	521	1952	274	614	58	84	319	5390	3470	5312	1796	1101	493	1340	43	818	961	832	99	61	799	756	2607	4406	123	2009	231	1733	358	226	1117	1422	113	1801	94	1899	579	5296	99	1860	60	196	151	1371	861	1445	1262	3169	821	2009	552	836	37	727	998	5996	946	76	2315	134	361	394	699	564	2793	924	1250	1976	1776	200	567	3511	135	117	10035	850	570	642	1061	279	2531	1198	854	211
76	335	1140	596	551	56	241	1028	71	93	1086	1225	37	481	1588	758	2335	741	224	1162	182	32	58	332	257	1772	90	431	43	74	145	3368	4204	2566	1022	625	226	799	40	419	518	375	84	22	366	309	1206	2650	147	1356	109	796	229	112	557	622	100	796	70	1009	289	3069	72	953	40	149	117	610	418	796	649	4009	461	1019	347	426	18	398	501	3480	449	53	1414	100	285	382	498	281	1368	509	606	1472	829	110	269	1456	94	71	3973	549	256	291	605	174	1651	673	415	108
77	105	319	143	162	15	104	354	40	46	310	409	30	179	443	225	717	204	89	405	87	31	33	84	92	702	31	133	29	45	48	1193	1798	788	311	199	59	263	22	164	132	95	37	6	106	89	329	938	98	516	35	248	113	59	163	184	87	267	41	349	83	1213	45	234	30	95	53	182	92	222	213	1839	178	351	134	142	7	166	128	1394	146	27	491	50	107	124	217	85	340	176	169	506	215	70	76	354	41	20	1173	168	58	80	201	64	584	225	122	48
78	127	345	174	202	17	71	357	45	50	303	415	24	209	492	233	952	248	112	365	96	20	37	140	124	725	34	167	30	52	47	1237	1485	803	324	250	108	307	14	156	144	108	49	13	117	109	418	1024	93	638	34	247	102	63	199	210	63	275	32	337	107	1200	39	288	37	89	49	217	123	284	225	1581	204	396	148	189	18	135	158	1448	158	45	725	51	103	150	214	97	398	164	205	504	264	51	110	466	51	30	1304	214	69	90	238	69	587	218	156	47
79	263	851	332	476	50	180	890	64	78	1073	1175	37	450	1183	512	1945	663	216	1018	173	34	64	221	177	2047	60	425	49	70	101	3606	5575	2392	851	640	206	715	31	411	387	249	85	31	305	199	997	2525	157	1211	94	625	177	82	462	387	106	781	61	940	185	3669	94	648	45	164	106	495	288	695	533	6033	422	1001	319	329	16	362	393	4937	325	66	1181	68	231	365	408	226	957	406	471	1350	630	203	185	803	75	43	3713	462	174	224	496	137	1656	611	327	78
80	60	142	75	87	2	42	187	28	27	173	194	14	79	220	103	286	126	41	223	65	17	15	45	55	384	5	70	19	34	25	513	1099	358	148	110	34	134	7	71	66	49	34	3	55	32	142	406	85	214	9	96	82	48	73	71	52	102	25	169	28	598	23	109	16	69	23	91	45	91	91	980	78	186	53	54	2	65	47	665	51	18	195	22	44	88	123	52	172	83	56	311	102	31	27	150	28	17	470	82	23	27	75	28	286	110	65	20
81	38	90	57	49	9	19	130	29	36	82	98	8	53	141	47	245	97	37	106	61	10	17	38	58	227	9	52	7	28	18	280	517	190	84	74	26	113	10	65	42	25	27	9	29	27	111	270	67	130	6	60	67	42	52	51	62	48	21	79	34	338	24	87	17	71	18	71	36	60	46	435	79	124	42	57	0	50	36	324	42	15	199	24	33	61	91	31	91	46	49	208	57	11	36	119	21	13	225	65	26	9	41	18	173	48	40	16
82	57	152	90	104	23	45	171	39	46	101	185	25	102	233	97	364	117	63	128	84	24	20	63	81	336	23	56	26	27	34	460	564	311	138	83	45	136	16	83	86	54	53	10	52	53	164	401	91	304	7	131	107	55	104	100	74	103	29	145	44	495	37	132	27	89	24	103	69	107	87	527	91	180	64	101	4	88	55	475	65	21	322	34	49	96	148	70	216	86	102	270	108	15	59	229	40	16	507	89	46	40	84	27	280	87	79	22
83	67	172	98	150	22	42	276	79	70	156	259	38	98	234	143	386	184	66	197	145	27	44	70	142	419	21	167	35	62	36	484	897	437	219	169	43	536	23	112	106	50	73	12	55	79	228	530	197	243	31	113	174	101	121	122	143	131	55	172	64	668	69	142	51	451	39	148	75	113	106	783	116	265	66	121	7	122	91	705	91	30	417	76	78	161	209	81	247	82	112	444	162	13	63	249	61	35	598	114	49	54	86	33	337	105	88	50
84	20	50	24	34	5	17	71	20	19	39	83	13	40	58	27	123	46	22	49	43	7	12	11	27	125	9	29	13	18	8	200	348	121	42	39	13	59	4	32	23	11	19	5	16	11	58	163	38	91	5	25	36	14	28	20	32	49	13	42	11	204	16	43	9	36	7	33	21	32	20	331	43	64	16	39	2	27	21	244	17	7	93	9	26	38	63	18	52	19	32	129	32	9	18	44	15	4	163	52	6	21	26	9	117	26	22	17
85	42	109	45	61	9	31	141	25	26	76	128	19	57	111	56	236	83	33	107	49	15	21	33	45	290	5	88	8	23	14	405	689	200	110	77	39	268	13	55	47	24	37	10	22	30	90	314	64	203	7	57	43	36	63	46	65	61	30	99	26	455	25	69	14	210	18	55	32	60	52	670	55	132	48	49	5	57	35	516	36	20	221	43	38	106	97	36	115	65	50	225	62	10	37	72	23	12	279	71	12	22	70	18	212	79	34	15
86	16	61	39	49	7	19	107	21	32	39	114	11	56	96	30	197	65	33	34	64	11	18	28	47	218	8	68	15	27	12	245	342	96	49	65	23	142	10	50	31	20	27	6	16	20	59	217	55	195	17	35	66	37	51	40	37	25	18	42	17	287	30	37	29	117	21	59	22	35	29	337	59	108	51	66	6	49	31	300	25	19	206	39	35	59	96	36	73	42	70	127	35	4	38	58	30	10	129	71	7	13	53	20	119	34	46	9
87	86	238	151	352	14	152	576	51	58	232	507	39	127	255	171	638	227	54	295	168	23	37	57	94	878	14	882	34	61	49	1038	2121	735	759	347	120	3251	26	161	150	84	74	9	87	119	356	1150	123	354	43	212	137	66	161	165	122	214	62	265	97	1264	60	180	40	2998	101	233	81	158	124	1835	154	446	74	106	9	144	147	2299	161	27	890	196	75	378	153	125	297	115	228	794	344	54	170	148	46	93	616	149	73	40	182	47	497	284	134	43
88	16	42	17	22	2	17	49	13	11	28	59	10	24	50	22	103	39	19	42	31	6	10	13	14	98	1	21	5	20	5	159	292	79	33	22	11	46	3	21	22	13	17	3	9	6	36	100	24	96	2	24	27	21	28	14	24	26	10	36	6	141	11	24	6	18	8	31	9	28	24	301	35	45	16	23	3	22	17	144	13	7	95	10	13	29	45	17	48	28	30	88	19	3	7	41	13	2	104	27	6	4	26	9	92	16	22	2
89	17	45	26	25	3	15	58	13	9	30	41	5	18	64	26	86	38	26	51	29	4	5	15	24	113	0	37	8	12	6	134	224	85	28	25	11	72	5	29	21	18	8	7	12	14	40	133	21	82	8	22	20	10	19	28	12	25	8	40	10	136	6	24	12	54	13	31	11	21	22	219	27	65	16	22	0	30	10	158	16	5	87	10	10	31	46	13	49	21	20	86	31	8	8	40	8	7	108	24	8	5	20	8	85	35	14	7
90	63	185	102	80	13	42	198	19	30	150	202	12	111	256	103	472	150	52	174	67	8	19	57	76	457	14	90	10	25	37	696	878	333	155	133	48	168	12	86	77	50	35	1	63	63	203	495	51	282	26	120	65	44	106	86	44	137	14	156	57	650	21	152	16	62	26	97	56	127	121	920	109	198	72	89	7	86	67	692	87	14	381	22	43	94	111	41	198	63	97	265	102	16	68	212	28	17	509	109	37	39	110	28	317	105	81	18
91	114	346	193	204	12	92	325	23	35	252	286	18	123	418	209	641	187	70	328	41	15	16	90	76	652	13	280	17	22	47	973	1482	585	346	195	71	855	10	136	136	88	30	2	102	104	304	819	64	310	22	213	71	40	164	166	46	188	20	304	73	1009	24	220	9	653	30	164	104	197	207	1462	130	335	84	96	3	98	138	1263	117	12	541	58	80	212	146	71	344	130	152	539	230	37	90	330	23	24	791	120	76	59	185	48	505	184	91	21
92	58	129	59	84	12	35	228	30	50	159	251	17	97	224	78	378	140	61	185	69	17	22	42	65	479	6	114	24	28	25	679	1321	370	142	125	50	156	8	88	62	34	46	6	52	29	169	486	78	229	14	90	108	52	67	73	71	115	23	185	31	779	26	91	24	80	27	101	42	129	105	1439	81	216	73	79	7	68	61	1009	52	15	319	31	63	104	148	61	119	60	65	304	112	50	31	83	38	15	556	93	25	27	119	32	323	125	77	25
93	71	144	73	113	14	45	204	55	57	208	220	38	148	207	66	411	154	66	149	97	19	42	46	94	560	8	124	25	47	31	757	1355	363	155	157	38	223	15	120	55	43	53	16	49	37	185	571	102	298	18	101	137	68	96	71	107	122	37	168	47	884	49	123	29	143	39	124	46	153	101	1342	123	218	83	93	0	111	63	1037	61	28	391	54	79	136	164	54	160	71	96	395	107	36	50	109	42	24	537	130	25	36	125	34	370	109	74	28
94	41	78	33	48	8	24	170	31	49	95	169	18	65	132	33	287	108	57	60	85	17	27	23	72	342	5	85	25	38	18	424	726	194	76	94	20	134	8	64	40	27	49	7	29	30	101	329	96	277	12	63	94	55	62	41	76	53	25	79	23	522	39	82	32	96	19	89	20	76	65	713	94	141	77	72	2	61	39	521	33	24	291	33	52	78	130	33	77	58	50	220	65	18	32	75	32	19	315	79	8	21	69	25	206	55	56	27
95	91	202	98	226	19	87	445	113	96	211	451	77	201	305	125	628	297	122	287	209	38	84	92	191	839	18	307	49	99	47	1074	2275	576	313	280	73	967	41	214	122	60	104	18	65	92	259	919	246	508	22	144	254	148	154	120	226	190	97	244	56	1373	88	190	66	823	58	191	67	170	135	2178	216	423	122	190	11	148	109	1817	95	55	751	132	116	298	354	123	243	130	174	741	183	59	95	156	116	53	812	193	50	70	164	69	595	195	127	66
